IcaoCode,IataCode,Model,ModelUrl,ModelTitle,ModelImageUrl
A124,A4F,Antonov AN-124 Ruslan,https://en.wikipedia.org/wiki/Antonov_An-124,Antonov An-124 Ruslan,https://upload.wikimedia.org/wikipedia/commons/thumb/5/52/An-124_RA-82028_09-May-2010.JPG/256px-An-124_RA-82028_09-May-2010.JPG
A140,A40,Antonov AN-140,https://en.wikipedia.org/wiki/Antonov_AN-140,Antonov An-140,https://upload.wikimedia.org/wikipedia/commons/thumb/5/5f/Antonov_An-140_1.jpg/256px-Antonov_An-140_1.jpg
A148,A81,Antonov An-148,https://en.wikipedia.org/wiki/Antonov_An-148,Antonov An-148,https://upload.wikimedia.org/wikipedia/commons/thumb/2/2f/%D0%90%D0%BD%D1%82%D0%BE%D0%BD%D0%BE%D0%B2_%D0%90%D0%BD-148_01-02%2C_%D0%9A%D0%B8%D0%B5%D0%B2_-_%D0%90%D0%BD%D1%82%D0%BE%D0%BD%D0%BE%D0%B2_%28%D0%93%D0%BE%D1%81%D1%82%D0%BE%D0%BC%D0%B5%D0%BB%D1%8C%29_RP29608.jpg/256px-%D0%90%D0%BD%D1%82%D0%BE%D0%BD%D0%BE%D0%B2_%D0%90%D0%BD-148_01-02%2C_%D0%9A%D0%B8%D0%B5%D0%B2_-_%D0%90%D0%BD%D1%82%D0%BE%D0%BD%D0%BE%D0%B2_%28%D0%93%D0%BE%D1%81%D1%82%D0%BE%D0%BC%D0%B5%D0%BB%D1%8C%29_RP29608.jpg
A158,A58,Antonov An-158,https://en.wikipedia.org/wiki/Antonov_An-148#Variants,Antonov An-148,https://upload.wikimedia.org/wikipedia/commons/thumb/2/2f/%D0%90%D0%BD%D1%82%D0%BE%D0%BD%D0%BE%D0%B2_%D0%90%D0%BD-148_01-02%2C_%D0%9A%D0%B8%D0%B5%D0%B2_-_%D0%90%D0%BD%D1%82%D0%BE%D0%BD%D0%BE%D0%B2_%28%D0%93%D0%BE%D1%81%D1%82%D0%BE%D0%BC%D0%B5%D0%BB%D1%8C%29_RP29608.jpg/256px-%D0%90%D0%BD%D1%82%D0%BE%D0%BD%D0%BE%D0%B2_%D0%90%D0%BD-148_01-02%2C_%D0%9A%D0%B8%D0%B5%D0%B2_-_%D0%90%D0%BD%D1%82%D0%BE%D0%BD%D0%BE%D0%B2_%28%D0%93%D0%BE%D1%81%D1%82%D0%BE%D0%BC%D0%B5%D0%BB%D1%8C%29_RP29608.jpg
A19N,32D,Airbus A319neo,https://en.wikipedia.org/wiki/Airbus_A319neo,Airbus A320neo family,https://upload.wikimedia.org/wikipedia/commons/thumb/4/4d/IndiGo_Airbus_A320neo_F-WWDG_%28to_VT-ITI%29_%2828915135713%29.jpg/256px-IndiGo_Airbus_A320neo_F-WWDG_%28to_VT-ITI%29_%2828915135713%29.jpg
A20N,32A,Airbus A320neo,https://en.wikipedia.org/wiki/Airbus_A320neo,Airbus A320neo family,https://upload.wikimedia.org/wikipedia/commons/thumb/4/4d/IndiGo_Airbus_A320neo_F-WWDG_%28to_VT-ITI%29_%2828915135713%29.jpg/256px-IndiGo_Airbus_A320neo_F-WWDG_%28to_VT-ITI%29_%2828915135713%29.jpg
A21N,32B,Airbus A321neo,https://en.wikipedia.org/wiki/Airbus_A321neo,Airbus A320neo family,https://upload.wikimedia.org/wikipedia/commons/thumb/4/4d/IndiGo_Airbus_A320neo_F-WWDG_%28to_VT-ITI%29_%2828915135713%29.jpg/256px-IndiGo_Airbus_A320neo_F-WWDG_%28to_VT-ITI%29_%2828915135713%29.jpg
A225,A25,Antonov An-225 Mriya,https://en.wikipedia.org/wiki/Antonov_An-225_Mriya,Antonov An-225 Mriya,https://upload.wikimedia.org/wikipedia/commons/thumb/c/cc/Antonov_An-225_Beltyukov-1.jpg/256px-Antonov_An-225_Beltyukov-1.jpg
A30B,AB3,Airbus A300B1,https://en.wikipedia.org/wiki/Airbus_A300,Airbus A300,https://upload.wikimedia.org/wikipedia/commons/thumb/1/1e/FedEx_Airbus_A300_condensation_in_both_intakes%21_%2826380182084%29.jpg/256px-FedEx_Airbus_A300_condensation_in_both_intakes%21_%2826380182084%29.jpg
A30B,AB4,"Airbus A300B2, A300B4, and A300C4",https://en.wikipedia.org/wiki/Airbus_A300,Airbus A300,https://upload.wikimedia.org/wikipedia/commons/thumb/1/1e/FedEx_Airbus_A300_condensation_in_both_intakes%21_%2826380182084%29.jpg/256px-FedEx_Airbus_A300_condensation_in_both_intakes%21_%2826380182084%29.jpg
A306,AB6,Airbus A300-600,https://en.wikipedia.org/wiki/Airbus_A300,Airbus A300,https://upload.wikimedia.org/wikipedia/commons/thumb/1/1e/FedEx_Airbus_A300_condensation_in_both_intakes%21_%2826380182084%29.jpg/256px-FedEx_Airbus_A300_condensation_in_both_intakes%21_%2826380182084%29.jpg
A3ST,ABB,"Airbus A300-600ST ""Super Transporter"" / ""Beluga""",https://en.wikipedia.org/wiki/Airbus_Beluga,Airbus Beluga,https://upload.wikimedia.org/wikipedia/commons/thumb/4/45/AirExpo_2014_-_Beluga_02_%28cropped%29.jpg/256px-AirExpo_2014_-_Beluga_02_%28cropped%29.jpg
A310,310,Airbus A310,https://en.wikipedia.org/wiki/Airbus_A310,Airbus A310,https://upload.wikimedia.org/wikipedia/commons/thumb/a/ac/Airbus_A310-304%2C_Air_Transat_AN1571009.jpg/256px-Airbus_A310-304%2C_Air_Transat_AN1571009.jpg
A318,318,Airbus A318,https://en.wikipedia.org/wiki/Airbus_A318,Airbus A318,https://upload.wikimedia.org/wikipedia/commons/thumb/4/49/Airfrance.a318-100.f-guga.arp.jpg/256px-Airfrance.a318-100.f-guga.arp.jpg
A319,319,Airbus A319,https://en.wikipedia.org/wiki/Airbus_A319,Airbus A319,https://upload.wikimedia.org/wikipedia/commons/thumb/e/ed/Lufthansa.a319-100.d-aili.arp.jpg/256px-Lufthansa.a319-100.d-aili.arp.jpg
A320,320,Airbus A320,https://en.wikipedia.org/wiki/Airbus_A320,Airbus A320 family,https://upload.wikimedia.org/wikipedia/commons/thumb/2/25/Lufthansa_Airbus_A320-211_D-AIQT_01_%28cropped%29.jpg/256px-Lufthansa_Airbus_A320-211_D-AIQT_01_%28cropped%29.jpg
A321,321,Airbus A321,https://en.wikipedia.org/wiki/Airbus_A321,Airbus A321,https://upload.wikimedia.org/wikipedia/commons/thumb/7/72/D-AIAF_%2819552328044%29.jpg/256px-D-AIAF_%2819552328044%29.jpg
A332,332,Airbus A330-200,https://en.wikipedia.org/wiki/Airbus_A330,Airbus A330,https://upload.wikimedia.org/wikipedia/commons/thumb/c/c8/Turkish_Airlines%2C_Airbus_A330-300_TC-JNL_NRT_%2823708073592%29.jpg/256px-Turkish_Airlines%2C_Airbus_A330-300_TC-JNL_NRT_%2823708073592%29.jpg
A333,333,Airbus A330-300,https://en.wikipedia.org/wiki/Airbus_A330,Airbus A330,https://upload.wikimedia.org/wikipedia/commons/thumb/c/c8/Turkish_Airlines%2C_Airbus_A330-300_TC-JNL_NRT_%2823708073592%29.jpg/256px-Turkish_Airlines%2C_Airbus_A330-300_TC-JNL_NRT_%2823708073592%29.jpg
A337,[to be determined],"Airbus A330-700 ""Beluga XL""",https://en.wikipedia.org/wiki/Airbus_Beluga_XL,Airbus Beluga XL,https://upload.wikimedia.org/wikipedia/commons/thumb/7/72/%22Beluga_XL%22_A330-743L_%28cropped%29.jpg/256px-%22Beluga_XL%22_A330-743L_%28cropped%29.jpg
A338,338,Airbus A330-800neo,https://en.wikipedia.org/wiki/Airbus_A330,Airbus A330,https://upload.wikimedia.org/wikipedia/commons/thumb/c/c8/Turkish_Airlines%2C_Airbus_A330-300_TC-JNL_NRT_%2823708073592%29.jpg/256px-Turkish_Airlines%2C_Airbus_A330-300_TC-JNL_NRT_%2823708073592%29.jpg
A339,339,Airbus A330-900neo,https://en.wikipedia.org/wiki/Airbus_A330,Airbus A330,https://upload.wikimedia.org/wikipedia/commons/thumb/c/c8/Turkish_Airlines%2C_Airbus_A330-300_TC-JNL_NRT_%2823708073592%29.jpg/256px-Turkish_Airlines%2C_Airbus_A330-300_TC-JNL_NRT_%2823708073592%29.jpg
A342,342,Airbus A340-200,https://en.wikipedia.org/wiki/Airbus_A340,Airbus A340,https://upload.wikimedia.org/wikipedia/commons/thumb/1/1e/Airbus_A340-311%2C_Lufthansa_AN1936774.jpg/256px-Airbus_A340-311%2C_Lufthansa_AN1936774.jpg
A343,343,Airbus A340-300,https://en.wikipedia.org/wiki/Airbus_A340,Airbus A340,https://upload.wikimedia.org/wikipedia/commons/thumb/1/1e/Airbus_A340-311%2C_Lufthansa_AN1936774.jpg/256px-Airbus_A340-311%2C_Lufthansa_AN1936774.jpg
A345,345,Airbus A340-500,https://en.wikipedia.org/wiki/Airbus_A340,Airbus A340,https://upload.wikimedia.org/wikipedia/commons/thumb/1/1e/Airbus_A340-311%2C_Lufthansa_AN1936774.jpg/256px-Airbus_A340-311%2C_Lufthansa_AN1936774.jpg
A346,346,Airbus A340-600,https://en.wikipedia.org/wiki/Airbus_A340,Airbus A340,https://upload.wikimedia.org/wikipedia/commons/thumb/1/1e/Airbus_A340-311%2C_Lufthansa_AN1936774.jpg/256px-Airbus_A340-311%2C_Lufthansa_AN1936774.jpg
A359,359,Airbus A350-900,https://en.wikipedia.org/wiki/Airbus_A350,Airbus A350 XWB,https://upload.wikimedia.org/wikipedia/commons/thumb/5/54/A7-ALA_%2819397355348%29.jpg/256px-A7-ALA_%2819397355348%29.jpg
A35K,351,Airbus A350-1000,https://en.wikipedia.org/wiki/Airbus_A350,Airbus A350 XWB,https://upload.wikimedia.org/wikipedia/commons/thumb/5/54/A7-ALA_%2819397355348%29.jpg/256px-A7-ALA_%2819397355348%29.jpg
A388,388,Airbus A380-800,https://en.wikipedia.org/wiki/Airbus_A380,Airbus A380,https://upload.wikimedia.org/wikipedia/commons/thumb/0/09/A6-EDY_A380_Emirates_31_jan_2013_jfk_%288442269364%29_%28cropped%29.jpg/256px-A6-EDY_A380_Emirates_31_jan_2013_jfk_%288442269364%29_%28cropped%29.jpg
A5,N/A,ICON A5,https://en.wikipedia.org/wiki/ICON_A5,ICON A5,https://upload.wikimedia.org/wikipedia/commons/thumb/5/58/Icon_A5_in_the_water.jpg/256px-Icon_A5_in_the_water.jpg
A748,HS7,Hawker Siddeley HS 748,https://en.wikipedia.org/wiki/Hawker_Siddeley_HS_748,Hawker Siddeley HS 748,https://upload.wikimedia.org/wikipedia/commons/thumb/1/1d/West_Air_Sweden_HS-748.jpg/256px-West_Air_Sweden_HS-748.jpg
AC68,ACP,Gulfstream/Rockwell (Aero) Commander,https://en.wikipedia.org/wiki/Aero_Commander,Aero Commander,https://upload.wikimedia.org/wikipedia/commons/thumb/5/50/Aero_Commander_500A_Commander_AN1719622.jpg/256px-Aero_Commander_500A_Commander_AN1719622.jpg
AC90,ACT,Gulfstream/Rockwell (Aero) Turbo Commander,https://en.wikipedia.org/wiki/Aero_Commander,Aero Commander,https://upload.wikimedia.org/wikipedia/commons/thumb/5/50/Aero_Commander_500A_Commander_AN1719622.jpg/256px-Aero_Commander_500A_Commander_AN1719622.jpg
AN12,ANF,Antonov AN-12,https://en.wikipedia.org/wiki/Antonov_AN-12,Antonov An-12,https://upload.wikimedia.org/wikipedia/commons/thumb/b/b5/Antonov_An-12BK%2C_Russia_-_Air_Force_AN1879625.jpg/256px-Antonov_An-12BK%2C_Russia_-_Air_Force_AN1879625.jpg
AN24,AN4,Antonov AN-24,https://en.wikipedia.org/wiki/Antonov_AN-24,Antonov An-24,https://upload.wikimedia.org/wikipedia/commons/thumb/5/50/Polet_Antonov_An-24_Pichugin-2.jpg/256px-Polet_Antonov_An-24_Pichugin-2.jpg
AN26,A26,Antonov AN-26,https://en.wikipedia.org/wiki/Antonov_AN-26,Antonov An-26,https://upload.wikimedia.org/wikipedia/commons/thumb/7/79/An-26_Ni%C2%B5_Nishava_Serbien_Marko_Stojkovic_IMG_2634-1-2.jpg/256px-An-26_Ni%C2%B5_Nishava_Serbien_Marko_Stojkovic_IMG_2634-1-2.jpg
AN28,A28,Antonov AN-28,https://en.wikipedia.org/wiki/Antonov_AN-28,Antonov An-28,https://upload.wikimedia.org/wikipedia/commons/thumb/5/58/PZL-Mielec_An-28%2C_Chaika_Avia_Company_AN1414321.jpg/256px-PZL-Mielec_An-28%2C_Chaika_Avia_Company_AN1414321.jpg
AN30,A30,Antonov AN-30,https://en.wikipedia.org/wiki/Antonov_An-30,Antonov An-30,https://upload.wikimedia.org/wikipedia/commons/thumb/d/d0/An-30_-_RA-26226.jpg/256px-An-30_-_RA-26226.jpg
AN32,A32,Antonov AN-32,https://en.wikipedia.org/wiki/Antonov_AN-32,Antonov An-32,https://upload.wikimedia.org/wikipedia/commons/thumb/4/44/AirMark_Antonov_An-32_Spijkers-2.jpg/256px-AirMark_Antonov_An-32_Spijkers-2.jpg
AN72,AN7,Antonov AN-72 / AN-74,https://en.wikipedia.org/wiki/Antonov_An-72,Antonov An-72,https://upload.wikimedia.org/wikipedia/commons/thumb/9/96/Russia_Air_Force_An-72_RA-72979_CKL_2006-2-7.png/256px-Russia_Air_Force_An-72_RA-72979_CKL_2006-2-7.png
AP22,N/A,Aeroprakt A-22 Foxbat / A-22 Valor / A-22 Vision,https://en.wikipedia.org/wiki/Aeroprakt_A-22_Foxbat,Aeroprakt A-22 Foxbat,https://upload.wikimedia.org/wikipedia/commons/thumb/b/b0/Aeroprakt.a22.foxbat.arp.jpg/256px-Aeroprakt.a22.foxbat.arp.jpg
AS32,APH,Eurocopter AS332 Super Puma,https://en.wikipedia.org/wiki/Eurocopter_AS332_Super_Puma,Eurocopter AS332 Super Puma,https://upload.wikimedia.org/wikipedia/commons/thumb/3/39/AS332M1_Super_Puma_-_RIAT_2014_%28center%29.jpg/256px-AS332M1_Super_Puma_-_RIAT_2014_%28center%29.jpg
AS50,NDE,Eurocopter AS350 Écureuil,https://en.wikipedia.org/wiki/Eurocopter_AS350_%C3%89cureuil,Eurocopter AS350 Écureuil,https://upload.wikimedia.org/wikipedia/commons/thumb/7/70/RAN_squirrel_helicopter_at_melb_GP_08.jpg/256px-RAN_squirrel_helicopter_at_melb_GP_08.jpg
AT43,AT4,Aerospatiale/Alenia ATR 42-300 / 320,https://en.wikipedia.org/wiki/ATR_42,ATR 42,https://upload.wikimedia.org/wikipedia/commons/thumb/b/b7/ATR_42-500_Hop%21_%28HOP%29_F-GPYK_-_MSN_537_%2810276128103%29.jpg/256px-ATR_42-500_Hop%21_%28HOP%29_F-GPYK_-_MSN_537_%2810276128103%29.jpg
AT45,AT5,Aerospatiale/Alenia ATR 42-500,https://en.wikipedia.org/wiki/ATR_42,ATR 42,https://upload.wikimedia.org/wikipedia/commons/thumb/b/b7/ATR_42-500_Hop%21_%28HOP%29_F-GPYK_-_MSN_537_%2810276128103%29.jpg/256px-ATR_42-500_Hop%21_%28HOP%29_F-GPYK_-_MSN_537_%2810276128103%29.jpg
AT46,ATR,Aerospatiale/Alenia ATR 42-600,https://en.wikipedia.org/wiki/ATR_42,ATR 42,https://upload.wikimedia.org/wikipedia/commons/thumb/b/b7/ATR_42-500_Hop%21_%28HOP%29_F-GPYK_-_MSN_537_%2810276128103%29.jpg/256px-ATR_42-500_Hop%21_%28HOP%29_F-GPYK_-_MSN_537_%2810276128103%29.jpg
AT72,AT7,Aerospatiale/Alenia ATR 72,https://en.wikipedia.org/wiki/ATR_72,ATR 72,https://upload.wikimedia.org/wikipedia/commons/thumb/6/67/F-WWEZ_%28948%29_ATR.72-212A%28500%29_FlyFireFly_TLS_30AUG11_%286097869500%29_%28cropped%29.jpg/256px-F-WWEZ_%28948%29_ATR.72-212A%28500%29_FlyFireFly_TLS_30AUG11_%286097869500%29_%28cropped%29.jpg
AT73,ATR,Aerospatiale/Alenia ATR 72-200 series,https://en.wikipedia.org/wiki/ATR_72,ATR 72,https://upload.wikimedia.org/wikipedia/commons/thumb/6/67/F-WWEZ_%28948%29_ATR.72-212A%28500%29_FlyFireFly_TLS_30AUG11_%286097869500%29_%28cropped%29.jpg/256px-F-WWEZ_%28948%29_ATR.72-212A%28500%29_FlyFireFly_TLS_30AUG11_%286097869500%29_%28cropped%29.jpg
AT75,ATR,Aerospatiale/Alenia ATR 72-500,https://en.wikipedia.org/wiki/ATR_72,ATR 72,https://upload.wikimedia.org/wikipedia/commons/thumb/6/67/F-WWEZ_%28948%29_ATR.72-212A%28500%29_FlyFireFly_TLS_30AUG11_%286097869500%29_%28cropped%29.jpg/256px-F-WWEZ_%28948%29_ATR.72-212A%28500%29_FlyFireFly_TLS_30AUG11_%286097869500%29_%28cropped%29.jpg
AT76,ATR,Aerospatiale/Alenia ATR 72-600,https://en.wikipedia.org/wiki/ATR_72,ATR 72,https://upload.wikimedia.org/wikipedia/commons/thumb/6/67/F-WWEZ_%28948%29_ATR.72-212A%28500%29_FlyFireFly_TLS_30AUG11_%286097869500%29_%28cropped%29.jpg/256px-F-WWEZ_%28948%29_ATR.72-212A%28500%29_FlyFireFly_TLS_30AUG11_%286097869500%29_%28cropped%29.jpg
ATL,ATL,Robin ATL,https://en.wikipedia.org/wiki/Robin_ATL,Robin ATL,https://upload.wikimedia.org/wikipedia/commons/thumb/b/b4/Robin.atl.l.g-gfrd.vtail.arp.jpg/256px-Robin.atl.l.g-gfrd.vtail.arp.jpg
ATP,ATP,British Aerospace ATP,https://en.wikipedia.org/wiki/British_Aerospace_ATP,British Aerospace ATP,https://upload.wikimedia.org/wikipedia/commons/thumb/c/cd/West_Air_Sweden_ATP.jpg/256px-West_Air_Sweden_ATP.jpg
B105,MBH,Eurocopter (MBB) Bo.105,https://en.wikipedia.org/wiki/MBB_Bo_105,MBB Bo 105,https://upload.wikimedia.org/wikipedia/commons/thumb/1/11/MBB_BO-105CBS-5%2C_Luftrettung_-_Bundesministerium_des_Innern_%28modified%29.jpg/256px-MBB_BO-105CBS-5%2C_Luftrettung_-_Bundesministerium_des_Innern_%28modified%29.jpg
B190,BEH,Beechcraft 1900,https://en.wikipedia.org/wiki/Beechcraft_1900,Beechcraft 1900,https://upload.wikimedia.org/wikipedia/commons/thumb/7/79/ContinentalConnection.jpg/256px-ContinentalConnection.jpg
B212,BH2,Bell 212,https://en.wikipedia.org/wiki/Bell_212,Bell 212,https://upload.wikimedia.org/wikipedia/commons/thumb/6/6f/Kachina-b212-N212KA-030909-02cr.jpg/256px-Kachina-b212-N212KA-030909-02cr.jpg
B412,BH2,Bell 412,https://en.wikipedia.org/wiki/Bell_412,Bell 412,https://upload.wikimedia.org/wikipedia/commons/thumb/2/26/LAFD_Bell_412_%28cropped%29.jpg/256px-LAFD_Bell_412_%28cropped%29.jpg
B429,BH2,Bell 429,https://en.wikipedia.org/wiki/Bell_429,Bell 429 GlobalRanger,https://upload.wikimedia.org/wikipedia/commons/thumb/d/d6/8-19-11_NEW_2010_MERCY_FLIGHT_5_AT_WCCH_%28modified%29.jpg/256px-8-19-11_NEW_2010_MERCY_FLIGHT_5_AT_WCCH_%28modified%29.jpg
B37M,7M7,Boeing 737 MAX 7,https://en.wikipedia.org/wiki/Boeing_737_MAX_7,Boeing 737 MAX,https://upload.wikimedia.org/wikipedia/commons/thumb/4/40/WS_YYC_737_MAX_1.jpg/256px-WS_YYC_737_MAX_1.jpg
B38M,7M8,Boeing 737 MAX 8,https://en.wikipedia.org/wiki/Boeing_737_MAX_8,Boeing 737 MAX,https://upload.wikimedia.org/wikipedia/commons/thumb/4/40/WS_YYC_737_MAX_1.jpg/256px-WS_YYC_737_MAX_1.jpg
B39M,7M9,Boeing 737 MAX 9,https://en.wikipedia.org/wiki/Boeing_737_MAX_9,Boeing 737 MAX,https://upload.wikimedia.org/wikipedia/commons/thumb/4/40/WS_YYC_737_MAX_1.jpg/256px-WS_YYC_737_MAX_1.jpg
B3JM,7MJ,Boeing 737 MAX 10,https://en.wikipedia.org/wiki/Boeing_737_MAX,Boeing 737 MAX,https://upload.wikimedia.org/wikipedia/commons/thumb/4/40/WS_YYC_737_MAX_1.jpg/256px-WS_YYC_737_MAX_1.jpg
B461,141,BAe 146-100,https://en.wikipedia.org/wiki/British_Aerospace_146,British Aerospace 146,https://upload.wikimedia.org/wikipedia/commons/thumb/8/85/Swiss_British_Aerospace_Avro_146-RJ100_HB-IXS_MUC_2015_01_crop.jpg/256px-Swiss_British_Aerospace_Avro_146-RJ100_HB-IXS_MUC_2015_01_crop.jpg
B462,142,BAe 146-200,https://en.wikipedia.org/wiki/British_Aerospace_146,British Aerospace 146,https://upload.wikimedia.org/wikipedia/commons/thumb/8/85/Swiss_British_Aerospace_Avro_146-RJ100_HB-IXS_MUC_2015_01_crop.jpg/256px-Swiss_British_Aerospace_Avro_146-RJ100_HB-IXS_MUC_2015_01_crop.jpg
B463,143,BAe 146-300,https://en.wikipedia.org/wiki/British_Aerospace_146,British Aerospace 146,https://upload.wikimedia.org/wikipedia/commons/thumb/8/85/Swiss_British_Aerospace_Avro_146-RJ100_HB-IXS_MUC_2015_01_crop.jpg/256px-Swiss_British_Aerospace_Avro_146-RJ100_HB-IXS_MUC_2015_01_crop.jpg
B703,703,Boeing 707,https://en.wikipedia.org/wiki/Boeing_707,Boeing 707,https://upload.wikimedia.org/wikipedia/commons/thumb/d/de/Boeing_707-138B_Qantas_Jett_Clipper_Ella_N707JT.jpg/256px-Boeing_707-138B_Qantas_Jett_Clipper_Ella_N707JT.jpg
B712,717,Boeing 717,https://en.wikipedia.org/wiki/Boeing_717,Boeing 717,https://upload.wikimedia.org/wikipedia/commons/thumb/0/0d/Delta_Air_Lines_Boeing_717-2BD_N966AT.jpg/256px-Delta_Air_Lines_Boeing_717-2BD_N966AT.jpg
B720,B72,Boeing 720B,https://en.wikipedia.org/wiki/Boeing_720,Boeing 720,https://upload.wikimedia.org/wikipedia/commons/thumb/a/aa/Cyprus_Airways_Boeing_720B_G-BCBB_LHR_1978-8-24.png/256px-Cyprus_Airways_Boeing_720B_G-BCBB_LHR_1978-8-24.png
B721,721,Boeing 727-100,https://en.wikipedia.org/wiki/Boeing_727,Boeing 727,https://upload.wikimedia.org/wikipedia/commons/thumb/0/0d/Boeing_727-228-Adv%2C_Ariana_Afghan_Airlines_AN1450645.jpg/256px-Boeing_727-228-Adv%2C_Ariana_Afghan_Airlines_AN1450645.jpg
B722,722,Boeing 727-200,https://en.wikipedia.org/wiki/Boeing_727,Boeing 727,https://upload.wikimedia.org/wikipedia/commons/thumb/0/0d/Boeing_727-228-Adv%2C_Ariana_Afghan_Airlines_AN1450645.jpg/256px-Boeing_727-228-Adv%2C_Ariana_Afghan_Airlines_AN1450645.jpg
B731,731,Boeing 737-100,https://en.wikipedia.org/wiki/Boeing_737,Boeing 737,https://upload.wikimedia.org/wikipedia/commons/thumb/e/e9/South_African_Airlink_Boeing_737-200_Advanced_Smith.jpg/256px-South_African_Airlink_Boeing_737-200_Advanced_Smith.jpg
B732,732,Boeing 737-200,https://en.wikipedia.org/wiki/Boeing_737,Boeing 737,https://upload.wikimedia.org/wikipedia/commons/thumb/e/e9/South_African_Airlink_Boeing_737-200_Advanced_Smith.jpg/256px-South_African_Airlink_Boeing_737-200_Advanced_Smith.jpg
B733,733,Boeing 737-300,https://en.wikipedia.org/wiki/Boeing_737_Classic,Boeing 737 Classic,https://upload.wikimedia.org/wikipedia/commons/thumb/f/f0/Lufthansa_Boeing_737-300_%28D-ABXN%29_01.jpg/256px-Lufthansa_Boeing_737-300_%28D-ABXN%29_01.jpg
B734,734,Boeing 737-400,https://en.wikipedia.org/wiki/Boeing_737_Classic,Boeing 737 Classic,https://upload.wikimedia.org/wikipedia/commons/thumb/f/f0/Lufthansa_Boeing_737-300_%28D-ABXN%29_01.jpg/256px-Lufthansa_Boeing_737-300_%28D-ABXN%29_01.jpg
B735,735,Boeing 737-500,https://en.wikipedia.org/wiki/Boeing_737_Classic,Boeing 737 Classic,https://upload.wikimedia.org/wikipedia/commons/thumb/f/f0/Lufthansa_Boeing_737-300_%28D-ABXN%29_01.jpg/256px-Lufthansa_Boeing_737-300_%28D-ABXN%29_01.jpg
B736,736,Boeing 737-600,https://en.wikipedia.org/wiki/Boeing_737_Next_Generation,Boeing 737 Next Generation,https://upload.wikimedia.org/wikipedia/commons/thumb/9/9e/Delta_Air_Lines_Boeing_737-832%3B_N3747D%40LAX%3B10.10.2011_622in_%286482376485%29.jpg/256px-Delta_Air_Lines_Boeing_737-832%3B_N3747D%40LAX%3B10.10.2011_622in_%286482376485%29.jpg
B737,73G,Boeing 737-700,https://en.wikipedia.org/wiki/Boeing_737_Next_Generation,Boeing 737 Next Generation,https://upload.wikimedia.org/wikipedia/commons/thumb/9/9e/Delta_Air_Lines_Boeing_737-832%3B_N3747D%40LAX%3B10.10.2011_622in_%286482376485%29.jpg/256px-Delta_Air_Lines_Boeing_737-832%3B_N3747D%40LAX%3B10.10.2011_622in_%286482376485%29.jpg
B738,738,Boeing 737-800,https://en.wikipedia.org/wiki/Boeing_737_Next_Generation,Boeing 737 Next Generation,https://upload.wikimedia.org/wikipedia/commons/thumb/9/9e/Delta_Air_Lines_Boeing_737-832%3B_N3747D%40LAX%3B10.10.2011_622in_%286482376485%29.jpg/256px-Delta_Air_Lines_Boeing_737-832%3B_N3747D%40LAX%3B10.10.2011_622in_%286482376485%29.jpg
B739,739,Boeing 737-900,https://en.wikipedia.org/wiki/Boeing_737_Next_Generation,Boeing 737 Next Generation,https://upload.wikimedia.org/wikipedia/commons/thumb/9/9e/Delta_Air_Lines_Boeing_737-832%3B_N3747D%40LAX%3B10.10.2011_622in_%286482376485%29.jpg/256px-Delta_Air_Lines_Boeing_737-832%3B_N3747D%40LAX%3B10.10.2011_622in_%286482376485%29.jpg
B741,741,Boeing 747-100,https://en.wikipedia.org/wiki/Boeing_747,Boeing 747,https://upload.wikimedia.org/wikipedia/commons/thumb/4/40/Pan_Am_Boeing_747-121_N732PA_Bidini.jpg/256px-Pan_Am_Boeing_747-121_N732PA_Bidini.jpg
B742,742,Boeing 747-200,https://en.wikipedia.org/wiki/Boeing_747,Boeing 747,https://upload.wikimedia.org/wikipedia/commons/thumb/4/40/Pan_Am_Boeing_747-121_N732PA_Bidini.jpg/256px-Pan_Am_Boeing_747-121_N732PA_Bidini.jpg
B743,743,Boeing 747-300,https://en.wikipedia.org/wiki/Boeing_747,Boeing 747,https://upload.wikimedia.org/wikipedia/commons/thumb/4/40/Pan_Am_Boeing_747-121_N732PA_Bidini.jpg/256px-Pan_Am_Boeing_747-121_N732PA_Bidini.jpg
B744,744,Boeing 747-400,https://en.wikipedia.org/wiki/Boeing_747-400,Boeing 747-400,https://upload.wikimedia.org/wikipedia/commons/thumb/c/c4/British_Airways_G-BNLU-2008-09-13-YVR.jpg/256px-British_Airways_G-BNLU-2008-09-13-YVR.jpg
B748,748,Boeing 747-8,https://en.wikipedia.org/wiki/Boeing_747-8,Boeing 747-8,https://upload.wikimedia.org/wikipedia/commons/thumb/2/27/Lufthansa_Boeing_747-8_%2816093562187%29.jpg/256px-Lufthansa_Boeing_747-8_%2816093562187%29.jpg
B74R,74R,Boeing 747SR,https://en.wikipedia.org/wiki/Boeing_747,Boeing 747,https://upload.wikimedia.org/wikipedia/commons/thumb/4/40/Pan_Am_Boeing_747-121_N732PA_Bidini.jpg/256px-Pan_Am_Boeing_747-121_N732PA_Bidini.jpg
B74S,74L,Boeing 747SP,https://en.wikipedia.org/wiki/Boeing_747SP,Boeing 747SP,https://upload.wikimedia.org/wikipedia/commons/thumb/c/c0/Pan_Am_Boeing_747SP-2.jpg/256px-Pan_Am_Boeing_747SP-2.jpg
B752,752,Boeing 757-200,https://en.wikipedia.org/wiki/Boeing_757,Boeing 757,https://upload.wikimedia.org/wikipedia/commons/thumb/2/22/Icelandair_Boeing_757-256_Wedelstaedt.jpg/256px-Icelandair_Boeing_757-256_Wedelstaedt.jpg
B753,753,Boeing 757-300,https://en.wikipedia.org/wiki/Boeing_757,Boeing 757,https://upload.wikimedia.org/wikipedia/commons/thumb/2/22/Icelandair_Boeing_757-256_Wedelstaedt.jpg/256px-Icelandair_Boeing_757-256_Wedelstaedt.jpg
B762,762,Boeing 767-200,https://en.wikipedia.org/wiki/Boeing_767,Boeing 767,https://upload.wikimedia.org/wikipedia/commons/thumb/4/43/Delta_Air_Lines_B767-332_N130DL.jpg/256px-Delta_Air_Lines_B767-332_N130DL.jpg
B763,763,Boeing 767-300,https://en.wikipedia.org/wiki/Boeing_767,Boeing 767,https://upload.wikimedia.org/wikipedia/commons/thumb/4/43/Delta_Air_Lines_B767-332_N130DL.jpg/256px-Delta_Air_Lines_B767-332_N130DL.jpg
B764,764,Boeing 767-400,https://en.wikipedia.org/wiki/Boeing_767,Boeing 767,https://upload.wikimedia.org/wikipedia/commons/thumb/4/43/Delta_Air_Lines_B767-332_N130DL.jpg/256px-Delta_Air_Lines_B767-332_N130DL.jpg
B772,772,Boeing 777-200,https://en.wikipedia.org/wiki/Boeing_777,Boeing 777,https://upload.wikimedia.org/wikipedia/commons/thumb/0/07/United_Airlines_777_N797UA_LAX.jpg/256px-United_Airlines_777_N797UA_LAX.jpg
B77L,77L,Boeing 777-200LR,https://en.wikipedia.org/wiki/Boeing_777#777-200LR,Boeing 777,https://upload.wikimedia.org/wikipedia/commons/thumb/0/07/United_Airlines_777_N797UA_LAX.jpg/256px-United_Airlines_777_N797UA_LAX.jpg
B773,773,Boeing 777-300,https://en.wikipedia.org/wiki/Boeing_777,Boeing 777,https://upload.wikimedia.org/wikipedia/commons/thumb/0/07/United_Airlines_777_N797UA_LAX.jpg/256px-United_Airlines_777_N797UA_LAX.jpg
B77W,77W,Boeing 777-300ER,https://en.wikipedia.org/wiki/Boeing_777#777-300ER,Boeing 777,https://upload.wikimedia.org/wikipedia/commons/thumb/0/07/United_Airlines_777_N797UA_LAX.jpg/256px-United_Airlines_777_N797UA_LAX.jpg
B778,[to be determined],Boeing 777-8,https://en.wikipedia.org/wiki/Boeing_777X#777-8,Boeing 777X,
B779,[to be determined],Boeing 777-9,https://en.wikipedia.org/wiki/Boeing_777X#777-9,Boeing 777X,
B788,788,Boeing 787-8,https://en.wikipedia.org/wiki/Boeing_787_Dreamliner#787-8,Boeing 787 Dreamliner,https://upload.wikimedia.org/wikipedia/commons/thumb/4/4e/Boeing_787_N1015B_ANA_Airlines_%2827611880663%29_%28cropped%29.jpg/256px-Boeing_787_N1015B_ANA_Airlines_%2827611880663%29_%28cropped%29.jpg
B789,789,Boeing 787-9,https://en.wikipedia.org/wiki/Boeing_787_Dreamliner#787-9,Boeing 787 Dreamliner,https://upload.wikimedia.org/wikipedia/commons/thumb/4/4e/Boeing_787_N1015B_ANA_Airlines_%2827611880663%29_%28cropped%29.jpg/256px-Boeing_787_N1015B_ANA_Airlines_%2827611880663%29_%28cropped%29.jpg
B78X,781,Boeing 787-10,https://en.wikipedia.org/wiki/Boeing_787_Dreamliner#787-10,Boeing 787 Dreamliner,https://upload.wikimedia.org/wikipedia/commons/thumb/4/4e/Boeing_787_N1015B_ANA_Airlines_%2827611880663%29_%28cropped%29.jpg/256px-Boeing_787_N1015B_ANA_Airlines_%2827611880663%29_%28cropped%29.jpg
BA11,B11,British Aerospace (BAC) One Eleven,https://en.wikipedia.org/wiki/BAC_One-Eleven,BAC One-Eleven,https://upload.wikimedia.org/wikipedia/commons/thumb/5/59/British_Island_Airways_at_Basle_-_1985.jpg/256px-British_Island_Airways_at_Basle_-_1985.jpg
BCS1,CS1,Airbus A220-100,https://en.wikipedia.org/wiki/Airbus_A220,Airbus A220,https://upload.wikimedia.org/wikipedia/commons/thumb/8/86/Airbus_A220-300_Swiss_International_Air_Lines_HB-JCA_%2835616272372%29.jpg/256px-Airbus_A220-300_Swiss_International_Air_Lines_HB-JCA_%2835616272372%29.jpg
BCS3,CS3,Airbus A220-300,https://en.wikipedia.org/wiki/Airbus_A220,Airbus A220,https://upload.wikimedia.org/wikipedia/commons/thumb/8/86/Airbus_A220-300_Swiss_International_Air_Lines_HB-JCA_%2835616272372%29.jpg/256px-Airbus_A220-300_Swiss_International_Air_Lines_HB-JCA_%2835616272372%29.jpg
BE55,N/A,Beechcraft Baron / 55 Baron,https://en.wikipedia.org/wiki/Beechcraft_Baron,Beechcraft Baron,https://upload.wikimedia.org/wikipedia/commons/thumb/d/d0/Beechcraft_Baron_58.jpg/256px-Beechcraft_Baron_58.jpg
BE58,N/A,Beechcraft Baron / 58 Baron,https://en.wikipedia.org/wiki/Beechcraft_Baron,Beechcraft Baron,https://upload.wikimedia.org/wikipedia/commons/thumb/d/d0/Beechcraft_Baron_58.jpg/256px-Beechcraft_Baron_58.jpg
BELF,SHB,Shorts SC-5 Belfast,https://en.wikipedia.org/wiki/Short_Belfast,Short Belfast,https://upload.wikimedia.org/wikipedia/commons/thumb/4/4e/HeavyLift_Cargo_Airlines_Short_Belfast_PER_Monty.jpg/256px-HeavyLift_Cargo_Airlines_Short_Belfast_PER_Monty.jpg
BER2,N/A,Beriev Be-200 Altair,https://en.wikipedia.org/wiki/Beriev_Be-200,Beriev Be-200,https://upload.wikimedia.org/wikipedia/commons/thumb/2/21/MChS_Beriev_Be-200_waterbomber.jpg/256px-MChS_Beriev_Be-200_waterbomber.jpg
BLCF,74B,Boeing 747 LCF Dreamlifter,https://en.wikipedia.org/wiki/Boeing_Dreamlifter,Boeing Dreamlifter,https://upload.wikimedia.org/wikipedia/commons/thumb/2/2c/Boeing_747-400LCF_Dreamlifter.jpg/256px-Boeing_747-400LCF_Dreamlifter.jpg
BN2P,BNI,Pilatus Britten-Norman BN-2A/B Islander,https://en.wikipedia.org/wiki/Britten-Norman_Islander,Britten-Norman BN-2 Islander,https://upload.wikimedia.org/wikipedia/commons/thumb/2/20/Britten-Norman_BN-2A-26_Islander%2C_Winair_-_Windward_Islands_Airways_JP5823246.jpg/256px-Britten-Norman_BN-2A-26_Islander%2C_Winair_-_Windward_Islands_Airways_JP5823246.jpg
C130,LOH,Lockheed L-182 / 282 / 382 (L-100) Hercules,https://en.wikipedia.org/wiki/Lockheed_L-100_Hercules,Lockheed L-100 Hercules,https://upload.wikimedia.org/wikipedia/commons/thumb/a/a5/Lockheed_L100-30_Hercules_HZ-128_%286819452647%29.jpg/256px-Lockheed_L100-30_Hercules_HZ-128_%286819452647%29.jpg
C152,N/A,Cessna 152,https://en.wikipedia.org/wiki/Cessna_152,Cessna 152,https://upload.wikimedia.org/wikipedia/commons/thumb/e/e8/G-BRNE-Cessna152.jpg/256px-G-BRNE-Cessna152.jpg
C162,CN1,Cessna 162,https://en.wikipedia.org/wiki/Cessna_162,Cessna 162 Skycatcher,https://upload.wikimedia.org/wikipedia/commons/thumb/d/dc/Cessna_162_Skycatcher_N5201K_1010.JPG/256px-Cessna_162_Skycatcher_N5201K_1010.JPG
C172,CN1,Cessna 172,https://en.wikipedia.org/wiki/Cessna_172,Cessna 172,https://upload.wikimedia.org/wikipedia/commons/thumb/a/ae/Cessna_172S_Skyhawk_SP%2C_Private_JP6817606.jpg/256px-Cessna_172S_Skyhawk_SP%2C_Private_JP6817606.jpg
C72R,CN1,Cessna 172 Cutlass RG,https://en.wikipedia.org/wiki/Cessna_172,Cessna 172,https://upload.wikimedia.org/wikipedia/commons/thumb/a/ae/Cessna_172S_Skyhawk_SP%2C_Private_JP6817606.jpg/256px-Cessna_172S_Skyhawk_SP%2C_Private_JP6817606.jpg
C77R,CN1,Cessna 177 Cardinal RG,https://en.wikipedia.org/wiki/Cessna_177_Cardinal#Cessna_177RG,Cessna 177 Cardinal,https://upload.wikimedia.org/wikipedia/commons/thumb/8/84/Cessna177BCardinal05.jpg/256px-Cessna177BCardinal05.jpg
C182,CN1,Cessna 182 Skylane,https://en.wikipedia.org/wiki/Cessna_182,Cessna 182 Skylane,https://upload.wikimedia.org/wikipedia/commons/thumb/9/9e/Cessna182t_skylane_n2231f_cotswoldairshow_2010_arp.jpg/256px-Cessna182t_skylane_n2231f_cotswoldairshow_2010_arp.jpg
C208,CN1,Cessna 208 Caravan,https://en.wikipedia.org/wiki/Cessna_208_Caravan,Cessna 208 Caravan,https://upload.wikimedia.org/wikipedia/commons/thumb/5/56/Cessna_208B_SKS_%28105090285%29.jpg/256px-Cessna_208B_SKS_%28105090285%29.jpg
C210,CN1," Cessna 210 Centurion",https://en.wikipedia.org/wiki/Cessna_210,Cessna 210,https://upload.wikimedia.org/wikipedia/commons/thumb/a/ad/Cessna.210.centurion.d-ebws.arp.jpg/256px-Cessna.210.centurion.d-ebws.arp.jpg
C212,CS2,CASA / IPTN 212 Aviocar,https://en.wikipedia.org/wiki/CASA_C-212_Aviocar,CASA C-212 Aviocar,https://upload.wikimedia.org/wikipedia/commons/thumb/e/e2/CASA_212-200_%E2%80%98T.12D-74_-_54-11%E2%80%99_%2826795714424%29.jpg/256px-CASA_212-200_%E2%80%98T.12D-74_-_54-11%E2%80%99_%2826795714424%29.jpg
C25A,CNJ,Cessna Citation CJ2,https://en.wikipedia.org/wiki/Cessna_CitationJet,Cessna CitationJet/M2,https://upload.wikimedia.org/wikipedia/commons/thumb/0/0f/OO-FLN.JPG/256px-OO-FLN.JPG
C25B,CNJ,Cessna Citation CJ3,https://en.wikipedia.org/wiki/Cessna_CitationJet,Cessna CitationJet/M2,https://upload.wikimedia.org/wikipedia/commons/thumb/0/0f/OO-FLN.JPG/256px-OO-FLN.JPG
C25C,CNJ,Cessna Citation CJ4,https://en.wikipedia.org/wiki/Cessna_CitationJet,Cessna CitationJet/M2,https://upload.wikimedia.org/wikipedia/commons/thumb/0/0f/OO-FLN.JPG/256px-OO-FLN.JPG
C46,CWC,Curtiss C-46 Commando,https://en.wikipedia.org/wiki/Curtiss-Wright_C-46_Commando,Curtiss C-46 Commando,https://upload.wikimedia.org/wikipedia/commons/thumb/3/33/C-46_Commando.jpg/256px-C-46_Commando.jpg
C500,CNJ,Cessna Citation I,https://en.wikipedia.org/wiki/Cessna_Citation_I,Cessna Citation I,https://upload.wikimedia.org/wikipedia/commons/thumb/d/d5/CN_Air_Cessna_501_Citation_I_SP.jpg/256px-CN_Air_Cessna_501_Citation_I_SP.jpg
C510,CNJ,Cessna Citation Mustang,https://en.wikipedia.org/wiki/Cessna_Citation_Mustang,Cessna Citation Mustang,https://upload.wikimedia.org/wikipedia/commons/thumb/c/c3/Cessna_Citation_Mustang_N416CM.jpg/256px-Cessna_Citation_Mustang_N416CM.jpg
C525,CNJ,Cessna CitationJet,https://en.wikipedia.org/wiki/Cessna_CitationJet,Cessna CitationJet/M2,https://upload.wikimedia.org/wikipedia/commons/thumb/0/0f/OO-FLN.JPG/256px-OO-FLN.JPG
C550,CNJ,Cessna Citation II,https://en.wikipedia.org/wiki/Cessna_Citation_II,Cessna Citation II,https://upload.wikimedia.org/wikipedia/commons/thumb/2/25/Cessna_550b_citation_bravo_cs-dhr_arp.jpg/256px-Cessna_550b_citation_bravo_cs-dhr_arp.jpg
C560,CNJ,Cessna Citation V,https://en.wikipedia.org/wiki/Cessna_Citation_V,Cessna Citation V,https://upload.wikimedia.org/wikipedia/commons/thumb/4/46/Cessna_uc-35a_citation_560_ultra_v_arp.jpg/256px-Cessna_uc-35a_citation_560_ultra_v_arp.jpg
C56X,CNJ,Cessna Citation Excel,https://en.wikipedia.org/wiki/Cessna_Citation_Excel,Cessna Citation Excel,https://upload.wikimedia.org/wikipedia/commons/thumb/7/79/Cessna_560XL_Citation_XLS.jpg/256px-Cessna_560XL_Citation_XLS.jpg
C650,CNJ,Cessna Citation III,https://en.wikipedia.org/wiki/Cessna_Citation_III,Cessna Citation III,https://upload.wikimedia.org/wikipedia/commons/thumb/6/6a/Cessna_650_Citation_III%2C_Wheels_Aviation_AN1469360.jpg/256px-Cessna_650_Citation_III%2C_Wheels_Aviation_AN1469360.jpg
C680,CNJ,Cessna Citation Sovereign,https://en.wikipedia.org/wiki/Cessna_Citation_Sovereign,Cessna Citation Sovereign,https://upload.wikimedia.org/wikipedia/commons/thumb/0/01/Cessna_Citation_Sovereign_Rafael_Luiz_%2814725958464%29.jpg/256px-Cessna_Citation_Sovereign_Rafael_Luiz_%2814725958464%29.jpg
C750,CNJ,Cessna Citation X,https://en.wikipedia.org/wiki/Cessna_Citation_X,Cessna Citation X,https://upload.wikimedia.org/wikipedia/commons/thumb/6/69/N975QS_2002_Cessna_750_C-N_750-0175_Citation_X_%287039507775%29.jpg/256px-N975QS_2002_Cessna_750_C-N_750-0175_Citation_X_%287039507775%29.jpg
C919,N/A,COMAC C919,https://en.wikipedia.org/wiki/COMAC_C919,Comac C919,https://upload.wikimedia.org/wikipedia/commons/thumb/8/8b/COMAC_B-001A_May_2017.jpg/256px-COMAC_B-001A_May_2017.jpg
CL2T,N/A,Bombardier 415,https://en.wikipedia.org/wiki/Bombardier_415,Canadair CL-415,https://upload.wikimedia.org/wikipedia/commons/thumb/7/73/I-DPCN_at_work_03_%284203528315%29.jpg/256px-I-DPCN_at_work_03_%284203528315%29.jpg
CL30,N/A,Bombardier BD-100 Challenger 300,https://en.wikipedia.org/wiki/Bombardier_Challenger_300,Bombardier Challenger 300,https://upload.wikimedia.org/wikipedia/commons/thumb/2/22/Bombardier_BD-100-1A10_Challenger_300_AN1704544.jpg/256px-Bombardier_BD-100-1A10_Challenger_300_AN1704544.jpg
CL44,CL4,Canadair CL-44,https://en.wikipedia.org/wiki/Canadair_CC-106_Yukon,Canadair CL-44,https://upload.wikimedia.org/wikipedia/commons/thumb/1/19/Transporte_Aereo_Rioplatense_Canadair_CL-44.jpg/256px-Transporte_Aereo_Rioplatense_Canadair_CL-44.jpg
CL60,CCJ,Canadair Challenger,https://en.wikipedia.org/wiki/Bombardier_Challenger_600,Bombardier Challenger 600 series,https://upload.wikimedia.org/wikipedia/commons/thumb/7/78/OH-WII_CL604_pvt_%287950005490%29.jpg/256px-OH-WII_CL604_pvt_%287950005490%29.jpg
CN35,CS5,CASA/IPTN CN-235,https://en.wikipedia.org/wiki/CASA/IPTN_CN-235,CASA/IPTN CN-235,https://upload.wikimedia.org/wikipedia/commons/thumb/e/eb/Festival_A%C3%A9reo_de_Vigo_2010_%284807526294%29.jpg/256px-Festival_A%C3%A9reo_de_Vigo_2010_%284807526294%29.jpg
CONC,SSC,Concorde,https://en.wikipedia.org/wiki/Concorde,Concorde,https://upload.wikimedia.org/wikipedia/commons/thumb/e/eb/British_Airways_Concorde_G-BOAC_03.jpg/256px-British_Airways_Concorde_G-BOAC_03.jpg
CONI,L49,Lockheed L-1049 Super Constellation,https://en.wikipedia.org/wiki/Lockheed_L-1049_Super_Constellation,Lockheed L-1049 Super Constellation,https://upload.wikimedia.org/wikipedia/commons/thumb/1/10/Lockheed_L1049H_CF-NAM_Nordair_MAN_02.07.66_edited-2.jpg/256px-Lockheed_L1049H_CF-NAM_Nordair_MAN_02.07.66_edited-2.jpg
CRJ1,CR1,Canadair Regional Jet 100,https://en.wikipedia.org/wiki/Bombardier_CRJ200,Bombardier CRJ100/200,https://upload.wikimedia.org/wikipedia/commons/thumb/5/5d/Canadair_CL-600-2B19_Regional_Jet_CRJ-200ER%2C_Delta_Connection_%28ASA_-_Atlantic_Southeast_Airlines%29_AN0779703.jpg/256px-Canadair_CL-600-2B19_Regional_Jet_CRJ-200ER%2C_Delta_Connection_%28ASA_-_Atlantic_Southeast_Airlines%29_AN0779703.jpg
CRJ2,CR2,Canadair Regional Jet 200,https://en.wikipedia.org/wiki/Bombardier_CRJ200,Bombardier CRJ100/200,https://upload.wikimedia.org/wikipedia/commons/thumb/5/5d/Canadair_CL-600-2B19_Regional_Jet_CRJ-200ER%2C_Delta_Connection_%28ASA_-_Atlantic_Southeast_Airlines%29_AN0779703.jpg/256px-Canadair_CL-600-2B19_Regional_Jet_CRJ-200ER%2C_Delta_Connection_%28ASA_-_Atlantic_Southeast_Airlines%29_AN0779703.jpg
CRJ7,CR7,Canadair Regional Jet 700,https://en.wikipedia.org/wiki/Bombardier_CRJ700_series,Bombardier CRJ700 series,https://upload.wikimedia.org/wikipedia/commons/thumb/1/12/CRJ-900_Air_Nostrum_EC-JTU_01.jpg/256px-CRJ-900_Air_Nostrum_EC-JTU_01.jpg
CRJ9,CR9,Canadair Regional Jet 900,https://en.wikipedia.org/wiki/Bombardier_CRJ700_series#CRJ900_and_derivative,Bombardier CRJ700 series,https://upload.wikimedia.org/wikipedia/commons/thumb/1/12/CRJ-900_Air_Nostrum_EC-JTU_01.jpg/256px-CRJ-900_Air_Nostrum_EC-JTU_01.jpg
CRJX,CRK,Canadair Regional Jet 1000,https://en.wikipedia.org/wiki/Bombardier_CRJ700_series#CRJ1000,Bombardier CRJ700 series,https://upload.wikimedia.org/wikipedia/commons/thumb/1/12/CRJ-900_Air_Nostrum_EC-JTU_01.jpg/256px-CRJ-900_Air_Nostrum_EC-JTU_01.jpg
CVLP,CV4,Convair CV-240 &amp; -440,https://en.wikipedia.org/wiki/Convair_CV-240_family,Convair CV-240 family,https://upload.wikimedia.org/wikipedia/commons/thumb/8/81/Convair-240-color.jpg/256px-Convair-240-color.jpg
CVLT,CV5,"Convair CV-580, Convair CV-600, Convair CV-640",https://en.wikipedia.org/wiki/Convair_CV-240_family,Convair CV-240 family,https://upload.wikimedia.org/wikipedia/commons/thumb/8/81/Convair-240-color.jpg/256px-Convair-240-color.jpg
D228,D28,Fairchild Dornier Do.228,https://en.wikipedia.org/wiki/Dornier_Do_228,Dornier Do 228,https://upload.wikimedia.org/wikipedia/commons/thumb/0/0b/Do228NG_-_RIAT_2012_%2818649688613%29.jpg/256px-Do228NG_-_RIAT_2012_%2818649688613%29.jpg
D328,D38,Fairchild Dornier Do.328,https://en.wikipedia.org/wiki/Dornier_328,Dornier 328,https://upload.wikimedia.org/wikipedia/commons/thumb/4/46/Sun-Air_Do-328.jpg/256px-Sun-Air_Do-328.jpg
DC10,D10,Douglas DC-10,https://en.wikipedia.org/wiki/Douglas_DC-10,McDonnell Douglas DC-10,https://upload.wikimedia.org/wikipedia/commons/thumb/d/d9/Continental_Airlines_DC-10.jpg/256px-Continental_Airlines_DC-10.jpg
DC3,D3F,Douglas DC-3,https://en.wikipedia.org/wiki/Douglas_DC-3,Douglas DC-3,https://upload.wikimedia.org/wikipedia/commons/thumb/d/df/Douglas_DC-3%2C_SE-CFP.jpg/256px-Douglas_DC-3%2C_SE-CFP.jpg
DC6,D6F,Douglas DC-6,https://en.wikipedia.org/wiki/Douglas_DC-6,Douglas DC-6,https://upload.wikimedia.org/wikipedia/commons/thumb/3/30/Western_Airlines_DC-6.tif/lossy-page1-256px-Western_Airlines_DC-6.tif.jpg
DC85,D8T," Douglas DC-8-50",https://en.wikipedia.org/wiki/Douglas_DC-8,Douglas DC-8,https://upload.wikimedia.org/wikipedia/commons/thumb/9/97/Air_Jamaica_McDonnell_Douglas_DC-8-62H_Fitzgerald.jpg/256px-Air_Jamaica_McDonnell_Douglas_DC-8-62H_Fitzgerald.jpg
DC86,D8L," Douglas DC-8-62",https://en.wikipedia.org/wiki/Douglas_DC-8,Douglas DC-8,https://upload.wikimedia.org/wikipedia/commons/thumb/9/97/Air_Jamaica_McDonnell_Douglas_DC-8-62H_Fitzgerald.jpg/256px-Air_Jamaica_McDonnell_Douglas_DC-8-62H_Fitzgerald.jpg
DC87,D8Q," Douglas DC-8-72",https://en.wikipedia.org/wiki/Douglas_DC-8,Douglas DC-8,https://upload.wikimedia.org/wikipedia/commons/thumb/9/97/Air_Jamaica_McDonnell_Douglas_DC-8-62H_Fitzgerald.jpg/256px-Air_Jamaica_McDonnell_Douglas_DC-8-62H_Fitzgerald.jpg
DC91,D91," Douglas DC-9-10",https://en.wikipedia.org/wiki/Douglas_DC-9,McDonnell Douglas DC-9,https://upload.wikimedia.org/wikipedia/commons/thumb/b/ba/Northwest_N756NW_DC9.JPG/256px-Northwest_N756NW_DC9.JPG
DC92,D92," Douglas DC-9-20",https://en.wikipedia.org/wiki/Douglas_DC-9,McDonnell Douglas DC-9,https://upload.wikimedia.org/wikipedia/commons/thumb/b/ba/Northwest_N756NW_DC9.JPG/256px-Northwest_N756NW_DC9.JPG
DC93,D93," Douglas DC-9-30",https://en.wikipedia.org/wiki/Douglas_DC-9,McDonnell Douglas DC-9,https://upload.wikimedia.org/wikipedia/commons/thumb/b/ba/Northwest_N756NW_DC9.JPG/256px-Northwest_N756NW_DC9.JPG
DC94,D94," Douglas DC-9-40",https://en.wikipedia.org/wiki/Douglas_DC-9,McDonnell Douglas DC-9,https://upload.wikimedia.org/wikipedia/commons/thumb/b/ba/Northwest_N756NW_DC9.JPG/256px-Northwest_N756NW_DC9.JPG
DC95,D95," Douglas DC-9-50",https://en.wikipedia.org/wiki/Douglas_DC-9,McDonnell Douglas DC-9,https://upload.wikimedia.org/wikipedia/commons/thumb/b/ba/Northwest_N756NW_DC9.JPG/256px-Northwest_N756NW_DC9.JPG
DH2T,DHR,De Havilland Canada DHC-2 Turbo-Beaver,https://en.wikipedia.org/wiki/De_Havilland_Canada_DHC-2_Beaver,De Havilland Canada DHC-2 Beaver,https://upload.wikimedia.org/wikipedia/commons/thumb/a/ab/VH-IDO_De_Havilland_Canada_DHC-2_Beaver_Mk1_Airwaves_Gold_Coast_%288402101541%29.jpg/256px-VH-IDO_De_Havilland_Canada_DHC-2_Beaver_Mk1_Airwaves_Gold_Coast_%288402101541%29.jpg
DH8A,DH1,De Havilland Canada DHC-8-100 Dash 8 / 8Q,https://en.wikipedia.org/wiki/Bombardier_Dash_8,Bombardier Dash 8,https://upload.wikimedia.org/wikipedia/commons/thumb/a/a1/Airberlin_Q400_%28cropped%29.jpg/256px-Airberlin_Q400_%28cropped%29.jpg
DH8B,DH2,De Havilland Canada DHC-8-200 Dash 8 / 8Q,https://en.wikipedia.org/wiki/Bombardier_Dash_8,Bombardier Dash 8,https://upload.wikimedia.org/wikipedia/commons/thumb/a/a1/Airberlin_Q400_%28cropped%29.jpg/256px-Airberlin_Q400_%28cropped%29.jpg
DH8C,DH3,De Havilland Canada DHC-8-300 Dash 8 / 8Q,https://en.wikipedia.org/wiki/Bombardier_Dash_8,Bombardier Dash 8,https://upload.wikimedia.org/wikipedia/commons/thumb/a/a1/Airberlin_Q400_%28cropped%29.jpg/256px-Airberlin_Q400_%28cropped%29.jpg
DH8D,DH4,De Havilland Canada DHC-8-400 Dash 8Q,https://en.wikipedia.org/wiki/Bombardier_Dash_8,Bombardier Dash 8,https://upload.wikimedia.org/wikipedia/commons/thumb/a/a1/Airberlin_Q400_%28cropped%29.jpg/256px-Airberlin_Q400_%28cropped%29.jpg
DHC2,DHP,De Havilland Canada DHC-2 Beaver,https://en.wikipedia.org/wiki/De_Havilland_Canada_DHC-2_Beaver,De Havilland Canada DHC-2 Beaver,https://upload.wikimedia.org/wikipedia/commons/thumb/a/ab/VH-IDO_De_Havilland_Canada_DHC-2_Beaver_Mk1_Airwaves_Gold_Coast_%288402101541%29.jpg/256px-VH-IDO_De_Havilland_Canada_DHC-2_Beaver_Mk1_Airwaves_Gold_Coast_%288402101541%29.jpg
DHC3,DHL,De Havilland Canada DHC-3 Otter,https://en.wikipedia.org/wiki/De_Havilland_Canada_DHC-3_Otter,De Havilland Canada DHC-3 Otter,https://upload.wikimedia.org/wikipedia/commons/thumb/6/6a/C-FUKN-Northway-Aviation-DHC-3-Otter-2.jpg/256px-C-FUKN-Northway-Aviation-DHC-3-Otter-2.jpg
DHC4,DHC,De Havilland Canada DHC-4 Caribou,https://en.wikipedia.org/wiki/De_Havilland_Canada_DHC-4_Caribou,De Havilland Canada DHC-4 Caribou,https://upload.wikimedia.org/wikipedia/commons/thumb/c/ca/RAAF_Caribou_Vabre.jpg/256px-RAAF_Caribou_Vabre.jpg
DHC5,DHC,De Havilland Canada DHC-5 Buffalo,https://en.wikipedia.org/wiki/De_Havilland_Canada_DHC-5_Buffalo,De Havilland Canada DHC-5 Buffalo,https://upload.wikimedia.org/wikipedia/commons/thumb/a/aa/DehavillandCC-115Buffalo12.JPG/256px-DehavillandCC-115Buffalo12.JPG
DHC6,DHT,De Havilland Canada DHC-6 Twin Otter,https://en.wikipedia.org/wiki/De_Havilland_Canada_DHC-6_Twin_Otter,De Havilland Canada DHC-6 Twin Otter,https://upload.wikimedia.org/wikipedia/commons/thumb/2/20/WinAir_De_Havilland_Canada_DHC-6-300_Twin_Otter_Breidenstein.jpg/256px-WinAir_De_Havilland_Canada_DHC-6-300_Twin_Otter_Breidenstein.jpg
DHC7,DH7,De Havilland Canada DHC-7 Dash 7,https://en.wikipedia.org/wiki/De_Havilland_Canada_DHC-7_Dash_7,De Havilland Canada Dash 7,https://upload.wikimedia.org/wikipedia/commons/thumb/1/1f/De_Havilland_Canada_DHC-7-110_Dash_7%2C_Brymon_Airways_AN2141415.jpg/256px-De_Havilland_Canada_DHC-7-110_Dash_7%2C_Brymon_Airways_AN2141415.jpg
DOVE,DHD,De Havilland DH.104 Dove,https://en.wikipedia.org/wiki/De_Havilland_Dove,De Havilland Dove,https://upload.wikimedia.org/wikipedia/commons/thumb/3/32/De_Havilland_DH-104_Dove_8_D-INKA_OTT_2013_05.jpg/256px-De_Havilland_DH-104_Dove_8_D-INKA_OTT_2013_05.jpg
E110,EMB,Embraer EMB 110 Bandeirante,https://en.wikipedia.org/wiki/Embraer_EMB_110_Bandeirante,Embraer EMB 110 Bandeirante,https://upload.wikimedia.org/wikipedia/commons/thumb/6/6b/SKL_in_flight_cropped_%28105091729%29.jpg/256px-SKL_in_flight_cropped_%28105091729%29.jpg
E120,EM2,Embraer EMB 120 Brasilia,https://en.wikipedia.org/wiki/Embraer_EMB_120_Brasilia,Embraer EMB 120 Brasilia,https://upload.wikimedia.org/wikipedia/commons/thumb/2/29/N569SW_LAX_%2826322494726%29.jpg/256px-N569SW_LAX_%2826322494726%29.jpg
E135,ER3,Embraer RJ135,https://en.wikipedia.org/wiki/Embraer_RJ135,,
E135,ERD,Embraer RJ140,https://en.wikipedia.org/wiki/Embraer_ERJ_145_family,Embraer ERJ family,https://upload.wikimedia.org/wikipedia/commons/thumb/d/da/Embraer_EMB-145LR_%28ERJ-145LR%29%2C_American_Eagle_AN0969536.jpg/256px-Embraer_EMB-145LR_%28ERJ-145LR%29%2C_American_Eagle_AN0969536.jpg
E145,ER4,Embraer RJ145,https://en.wikipedia.org/wiki/Embraer_RJ145,Embraer ERJ family,https://upload.wikimedia.org/wikipedia/commons/thumb/d/da/Embraer_EMB-145LR_%28ERJ-145LR%29%2C_American_Eagle_AN0969536.jpg/256px-Embraer_EMB-145LR_%28ERJ-145LR%29%2C_American_Eagle_AN0969536.jpg
E170,E70,Embraer 170,https://en.wikipedia.org/wiki/Embraer_170,Embraer E-Jet family,https://upload.wikimedia.org/wikipedia/commons/thumb/a/aa/Embraer_E190_of_JetBlue_Airways_at_DCA.jpg/256px-Embraer_E190_of_JetBlue_Airways_at_DCA.jpg
E190,E90,Embraer 190,https://en.wikipedia.org/wiki/Embraer_190,Embraer E-Jet family,https://upload.wikimedia.org/wikipedia/commons/thumb/a/aa/Embraer_E190_of_JetBlue_Airways_at_DCA.jpg/256px-Embraer_E190_of_JetBlue_Airways_at_DCA.jpg
E195,E95,Embraer 195,https://en.wikipedia.org/wiki/Embraer_195,Embraer E-Jet family,https://upload.wikimedia.org/wikipedia/commons/thumb/a/aa/Embraer_E190_of_JetBlue_Airways_at_DCA.jpg/256px-Embraer_E190_of_JetBlue_Airways_at_DCA.jpg
E35L,ER3,Embraer Legacy 600 / Legacy 650,https://en.wikipedia.org/wiki/Embraer_Legacy_600,Embraer Legacy 600,https://upload.wikimedia.org/wikipedia/commons/thumb/b/ba/Embraer_ERJ-135BJ_Legacy_600%2C_London_Executive_Aviation_JP6974088.jpg/256px-Embraer_ERJ-135BJ_Legacy_600%2C_London_Executive_Aviation_JP6974088.jpg
E545,N/A,Embraer Legacy 450,https://en.wikipedia.org/wiki/Embraer_Legacy_450,Embraer Legacy 450/500 and Praetor 500/600,https://upload.wikimedia.org/wikipedia/commons/thumb/4/41/PT-ZHY_Embraer_EMB550_Legacy500_E550_%2814272527752%29.jpg/256px-PT-ZHY_Embraer_EMB550_Legacy500_E550_%2814272527752%29.jpg
E190,E90,Embraer Lineage 1000,https://en.wikipedia.org/wiki/Embraer_Lineage_1000,Embraer Lineage 1000,https://upload.wikimedia.org/wikipedia/commons/thumb/5/51/A6-AJH_%288830512064%29.jpg/256px-A6-AJH_%288830512064%29.jpg
E50P,EP1,Embraer Phenom 100,https://en.wikipedia.org/wiki/Embraer_Phenom_100,Embraer Phenom 100,https://upload.wikimedia.org/wikipedia/commons/thumb/f/f1/Embraer_EMB-500_Phenom_100_AN1695056.jpg/256px-Embraer_EMB-500_Phenom_100_AN1695056.jpg
E55P,EP3,Embraer Phenom 300,https://en.wikipedia.org/wiki/Embraer_Phenom_300,Embraer Phenom 300,https://upload.wikimedia.org/wikipedia/commons/thumb/8/8f/Embraer_505_Phenom_300%2C_Aerojet_JP7625910.jpg/256px-Embraer_505_Phenom_300%2C_Aerojet_JP7625910.jpg
E75L,E7W,Embraer 175 (long wing),https://en.wikipedia.org/wiki/Embraer_E-Jet_family,Embraer E-Jet family,https://upload.wikimedia.org/wikipedia/commons/thumb/a/aa/Embraer_E190_of_JetBlue_Airways_at_DCA.jpg/256px-Embraer_E190_of_JetBlue_Airways_at_DCA.jpg
E75S,E7W,Embraer 175 (short wing),https://en.wikipedia.org/wiki/Embraer_E-Jet_family,Embraer E-Jet family,https://upload.wikimedia.org/wikipedia/commons/thumb/a/aa/Embraer_E190_of_JetBlue_Airways_at_DCA.jpg/256px-Embraer_E190_of_JetBlue_Airways_at_DCA.jpg
EC20,N/A,Eurocopter EC120 Colibri / Harbin HC120,https://en.wikipedia.org/wiki/Eurocopter_EC120_Colibri,Eurocopter EC120 Colibri,https://upload.wikimedia.org/wikipedia/commons/thumb/0/09/Eurocopter_EC-120B_Colibri_AN0367366.jpg/256px-Eurocopter_EC-120B_Colibri_AN0367366.jpg
EC25,N/A,Eurocopter EC225 Super Puma,https://en.wikipedia.org/wiki/Eurocopter_EC225_Super_Puma,Eurocopter EC225 Super Puma,https://upload.wikimedia.org/wikipedia/commons/thumb/b/bc/Bristow_Puma_G-ZZSK_%28altered%29.jpg/256px-Bristow_Puma_G-ZZSK_%28altered%29.jpg
EC35,N/A,Eurocopter EC135,https://en.wikipedia.org/wiki/Eurocopter_EC135,Eurocopter EC135,https://upload.wikimedia.org/wikipedia/commons/thumb/7/77/EC-135_-_RIAT_2011_%286199185182%29.jpg/256px-EC-135_-_RIAT_2011_%286199185182%29.jpg
EC45,N/A,Eurocopter EC145,https://en.wikipedia.org/wiki/Eurocopter_EC145,Eurocopter EC145,https://upload.wikimedia.org/wikipedia/commons/thumb/a/ab/Stanford_EC145.jpg/256px-Stanford_EC145.jpg
P212,N/A,Tecnam P2012 Traveller,https://en.wikipedia.org/wiki/Tecnam_P2012_Traveller,Tecnam P2012 Traveller,
ECHO,N/A,Tecnam P92 Echo / P92 Eaglet / P92 SeaSky,https://en.wikipedia.org/wiki/Tecnam_P92,Tecnam P92,https://upload.wikimedia.org/wikipedia/commons/thumb/0/04/TecnamP92TO.jpg/256px-TecnamP92TO.jpg
EV97,N/A,EV-97 EuroStar / EV-97 Harmony,https://en.wikipedia.org/wiki/Evektor_EuroStar,Evektor SportStar,https://upload.wikimedia.org/wikipedia/commons/thumb/b/b6/24-7324_Evektor-Aerotechnik_EV-97_SportStar_Max_%286931052501%29.jpg/256px-24-7324_Evektor-Aerotechnik_EV-97_SportStar_Max_%286931052501%29.jpg
EVSS,N/A,Evektor SportStar,https://en.wikipedia.org/wiki/Evektor_SportStar,Evektor SportStar,https://upload.wikimedia.org/wikipedia/commons/thumb/b/b6/24-7324_Evektor-Aerotechnik_EV-97_SportStar_Max_%286931052501%29.jpg/256px-24-7324_Evektor-Aerotechnik_EV-97_SportStar_Max_%286931052501%29.jpg
EXPL,MD9,MD Helicopters MD900 Explorer,https://en.wikipedia.org/wiki/MD_Helicopters_MD_Explorer,MD Helicopters MD Explorer,https://upload.wikimedia.org/wikipedia/commons/thumb/b/b2/%28cropped%29_London_Air_Ambulance_G-EHMS.jpg/256px-%28cropped%29_London_Air_Ambulance_G-EHMS.jpg
F100,100,Fokker 100,https://en.wikipedia.org/wiki/Fokker_100,Fokker 100,https://upload.wikimedia.org/wikipedia/commons/thumb/5/5f/Alliance_Airlines_Fokker_100_Bundaberg_Vabre-2.jpg/256px-Alliance_Airlines_Fokker_100_Bundaberg_Vabre-2.jpg
F27,F27,Fokker F27 Friendship,https://en.wikipedia.org/wiki/Fokker_F27_Friendship,Fokker F27 Friendship,https://upload.wikimedia.org/wikipedia/commons/thumb/2/29/Icelandair_Fokker_F-27-200_Friendship_Wallner.jpg/256px-Icelandair_Fokker_F-27-200_Friendship_Wallner.jpg
F28,F21,Fokker F28 Fellowship,https://en.wikipedia.org/wiki/Fokker_F28_Fellowship,Fokker F28 Fellowship,https://upload.wikimedia.org/wikipedia/commons/thumb/6/64/Piedmont_F-28-1000.jpg/256px-Piedmont_F-28-1000.jpg
F2TH,D20,Dassault Falcon 2000,https://en.wikipedia.org/wiki/Dassault_Falcon_2000,Dassault Falcon 2000,https://upload.wikimedia.org/wikipedia/commons/thumb/9/9e/20130519190713%212010-07-15_Falcon2000_private_N671WM_EDDF_01_%28cropped%29.jpg/256px-20130519190713%212010-07-15_Falcon2000_private_N671WM_EDDF_01_%28cropped%29.jpg
F406,CNT,Reims-Cessna F406 Caravan II,https://en.wikipedia.org/wiki/Reims-Cessna_F406_Caravan_II,Reims-Cessna F406 Caravan II,https://upload.wikimedia.org/wikipedia/commons/thumb/4/41/Reims_F406_Caravan_II%2C_France_-_Army_AN0632367.jpg/256px-Reims_F406_Caravan_II%2C_France_-_Army_AN0632367.jpg
F50,F50,Fokker 50,https://en.wikipedia.org/wiki/Fokker_50,Fokker 50,https://upload.wikimedia.org/wikipedia/commons/thumb/6/61/CityJet_Fokker_50_OO-VLN_LUX_2010-2-27.png/256px-CityJet_Fokker_50_OO-VLN_LUX_2010-2-27.png
F70,F70,Fokker 70,https://en.wikipedia.org/wiki/Fokker_70,Fokker 70,https://upload.wikimedia.org/wikipedia/commons/thumb/6/69/PH-JCT_Fokker_70_KLM_cityhopper.JPG/256px-PH-JCT_Fokker_70_KLM_cityhopper.JPG
F900,DF9,Dassault Falcon 900,https://en.wikipedia.org/wiki/Dassault_Falcon_900,Dassault Falcon 900,https://upload.wikimedia.org/wikipedia/commons/thumb/5/58/Spanish_Air_Force_Dassault_Falcon_900B.jpg/256px-Spanish_Air_Force_Dassault_Falcon_900B.jpg
FA50,DF3,Dassault Falcon 50,https://en.wikipedia.org/wiki/Dassault_Falcon_50,Dassault Falcon 50,https://upload.wikimedia.org/wikipedia/commons/thumb/9/9b/Armee_de_l%27Air_-_Dassault_Falcon_50.jpg/256px-Armee_de_l%27Air_-_Dassault_Falcon_50.jpg
FA7X,DF7,Dassault Falcon 7X,https://en.wikipedia.org/wiki/Dassault_Falcon_7X,Dassault Falcon 7X,https://upload.wikimedia.org/wikipedia/commons/thumb/5/51/Dassault_Falcon_7X_AN1852800.jpg/256px-Dassault_Falcon_7X_AN1852800.jpg
G159,GRS,Gulfstream Aerospace G-159 Gulfstream I,https://en.wikipedia.org/wiki/Gulfstream_I,Grumman Gulfstream I,https://upload.wikimedia.org/wikipedia/commons/thumb/f/f8/Uscg_vc4gulfstream_1380_1964.jpg/256px-Uscg_vc4gulfstream_1380_1964.jpg
G21,GRG,Grumman G-21 Goose,https://en.wikipedia.org/wiki/Grumman_G-21_Goose,Grumman G-21 Goose,https://upload.wikimedia.org/wikipedia/commons/thumb/f/fd/JRF-5_NAS_Jax_1942.jpg/256px-JRF-5_NAS_Jax_1942.jpg
G280,GR3,Gulfstream G280,https://en.wikipedia.org/wiki/Gulfstream_G280,Gulfstream G280,https://upload.wikimedia.org/wikipedia/commons/thumb/6/6d/4X-WBJ_Micha_Sender-1.jpg/256px-4X-WBJ_Micha_Sender-1.jpg
G73T,GRM,Grumman G-73 Turbo Mallard,https://en.wikipedia.org/wiki/Grumman_G-73_Turbo_Mallard,Grumman G-73 Mallard,https://upload.wikimedia.org/wikipedia/commons/thumb/d/d9/Pearl_aviation_Grumman_G-73_Mallard_DRW_Butler.jpg/256px-Pearl_aviation_Grumman_G-73_Mallard_DRW_Butler.jpg
GL5T,CCX,Bombardier BD-700 Global 5000,https://en.wikipedia.org/wiki/Bombardier_Global_Express#Global_5000,Bombardier Global Express,https://upload.wikimedia.org/wikipedia/commons/thumb/c/cb/2010-07-08_BD700_Tyrolean_OE-IGS_EDDF_03.jpg/256px-2010-07-08_BD700_Tyrolean_OE-IGS_EDDF_03.jpg
GLEX,CCX,Bombardier Global Express,https://en.wikipedia.org/wiki/Bombardier_Global_Express,Bombardier Global Express,https://upload.wikimedia.org/wikipedia/commons/thumb/c/cb/2010-07-08_BD700_Tyrolean_OE-IGS_EDDF_03.jpg/256px-2010-07-08_BD700_Tyrolean_OE-IGS_EDDF_03.jpg
GLF4,GJ4,Gulfstream IV,https://en.wikipedia.org/wiki/Gulfstream_IV,Gulfstream IV,https://upload.wikimedia.org/wikipedia/commons/thumb/a/a1/Gulfstream_IV_RNLAF.jpg/256px-Gulfstream_IV_RNLAF.jpg
GLF5,GJ5,Gulfstream V,https://en.wikipedia.org/wiki/Gulfstream_V,Gulfstream V,https://upload.wikimedia.org/wikipedia/commons/thumb/2/21/Gulfstream_Aerospace_G-V_Gulfstream_V_AN0811210.jpg/256px-Gulfstream_Aerospace_G-V_Gulfstream_V_AN0811210.jpg
GLF6,GJ6,Gulfstream G650,https://en.wikipedia.org/wiki/Gulfstream_G650,Gulfstream G650,https://upload.wikimedia.org/wikipedia/commons/thumb/d/d6/G-ULFS_Gulfstream_G650_CVT_05-05-16_%2827046023031%29_%28cropped%29.jpg/256px-G-ULFS_Gulfstream_G650_CVT_05-05-16_%2827046023031%29_%28cropped%29.jpg
HERN,DHH,De Havilland DH.114 Heron,https://en.wikipedia.org/wiki/De_Havilland_DH.114_Heron,De Havilland Heron,https://upload.wikimedia.org/wikipedia/commons/thumb/f/f3/DH.114_Heron_2_Cambrian_04.58.jpg/256px-DH.114_Heron_2_Cambrian_04.58.jpg
H25B,H25,British Aerospace 125 series / Hawker/Raytheon 700/800/800XP/850/900,https://en.wikipedia.org/wiki/British_Aerospace_125,British Aerospace 125,https://upload.wikimedia.org/wikipedia/commons/thumb/6/66/BAe125_aircraft_from_a_flight_of_32_%28The_Royal%29_Squadron_MOD_45147916_%28cropped%29.jpg/256px-BAe125_aircraft_from_a_flight_of_32_%28The_Royal%29_Squadron_MOD_45147916_%28cropped%29.jpg
H25C,H25,British Aerospace 125-1000 series / Hawker/Raytheon 1000,https://en.wikipedia.org/wiki/British_Aerospace_125,British Aerospace 125,https://upload.wikimedia.org/wikipedia/commons/thumb/6/66/BAe125_aircraft_from_a_flight_of_32_%28The_Royal%29_Squadron_MOD_45147916_%28cropped%29.jpg/256px-BAe125_aircraft_from_a_flight_of_32_%28The_Royal%29_Squadron_MOD_45147916_%28cropped%29.jpg
HDJT,N/A,Honda HA-420,https://en.wikipedia.org/wiki/Honda_Jet,Honda HA-420 HondaJet,https://upload.wikimedia.org/wikipedia/commons/thumb/2/23/HondaJet_Ryabtsev.jpg/256px-HondaJet_Ryabtsev.jpg
I114,I14,Ilyushin IL114,https://en.wikipedia.org/wiki/Ilyushin_Il-114,Ilyushin Il-114,https://upload.wikimedia.org/wikipedia/commons/thumb/b/b4/%D0%98%D0%BB%D1%8C%D1%8E%D1%88%D0%B8%D0%BD_%D0%98%D0%BB-114_2053800109%2C_%D0%A5%D0%B0%D0%B1%D0%B0%D1%80%D0%BE%D0%B2%D1%81%D0%BA_-_%D0%9D%D0%BE%D0%B2%D1%8B%D0%B9_RP22506.jpg/256px-%D0%98%D0%BB%D1%8C%D1%8E%D1%88%D0%B8%D0%BD_%D0%98%D0%BB-114_2053800109%2C_%D0%A5%D0%B0%D0%B1%D0%B0%D1%80%D0%BE%D0%B2%D1%81%D0%BA_-_%D0%9D%D0%BE%D0%B2%D1%8B%D0%B9_RP22506.jpg
IL18,IL8,Ilyushin IL18,https://en.wikipedia.org/wiki/Ilyushin_Il-18,Ilyushin Il-18,https://upload.wikimedia.org/wikipedia/commons/thumb/1/1f/Rossiya_Ilyushin_Il-18.jpg/256px-Rossiya_Ilyushin_Il-18.jpg
IL62,IL6,Ilyushin IL62,https://en.wikipedia.org/wiki/Ilyushin_Il-62,Ilyushin Il-62,https://upload.wikimedia.org/wikipedia/commons/thumb/4/4a/Air-to-air_with_a_Russian_Air_Force_Ilyushin_Il-62M_%28retouched%29.jpg/256px-Air-to-air_with_a_Russian_Air_Force_Ilyushin_Il-62M_%28retouched%29.jpg
IL76,IL7,Ilyushin IL76,https://en.wikipedia.org/wiki/Ilyushin_Il-76,Ilyushin Il-76,https://upload.wikimedia.org/wikipedia/commons/thumb/1/15/IL-76MD_-_TankBiathlon2013_%28modified%29.jpg/256px-IL-76MD_-_TankBiathlon2013_%28modified%29.jpg
IL86,ILW,Ilyushin IL86,https://en.wikipedia.org/wiki/Ilyushin_Il-86,Ilyushin Il-86,https://upload.wikimedia.org/wikipedia/commons/thumb/7/70/Aeroflot_Ilyushin_Il-86.jpg/256px-Aeroflot_Ilyushin_Il-86.jpg
IL96,I93,Ilyushin IL96,https://en.wikipedia.org/wiki/Ilyushin_Il-96,Ilyushin Il-96,https://upload.wikimedia.org/wikipedia/commons/thumb/f/f1/Aeroflot_Il-96-300_RA-96008_SVO_2011-3-10.png/256px-Aeroflot_Il-96-300_RA-96008_SVO_2011-3-10.png
J328,FRJ,Fairchild Dornier 328JET,https://en.wikipedia.org/wiki/Fairchild_Dornier_328JET,Fairchild Dornier 328JET,https://upload.wikimedia.org/wikipedia/commons/thumb/6/69/Tyrolean_Jet_Services_Do-328-300_OE-HTJ.jpg/256px-Tyrolean_Jet_Services_Do-328-300_OE-HTJ.jpg
JS31,J31,British Aerospace Jetstream 31,https://en.wikipedia.org/wiki/British_Aerospace_Jetstream_31,British Aerospace Jetstream,https://upload.wikimedia.org/wikipedia/commons/thumb/7/76/British_Aerospace_Jetstream_32_reg._N487UE.jpg/256px-British_Aerospace_Jetstream_32_reg._N487UE.jpg
JS32,J32,British Aerospace Jetstream 32,https://en.wikipedia.org/wiki/British_Aerospace_Jetstream_32,British Aerospace Jetstream,https://upload.wikimedia.org/wikipedia/commons/thumb/7/76/British_Aerospace_Jetstream_32_reg._N487UE.jpg/256px-British_Aerospace_Jetstream_32_reg._N487UE.jpg
JS41,J41,British Aerospace Jetstream 41,https://en.wikipedia.org/wiki/British_Aerospace_Jetstream_41,British Aerospace Jetstream 41,https://upload.wikimedia.org/wikipedia/commons/thumb/8/8e/Easternairways_j41_g-majx_arp.jpg/256px-Easternairways_j41_g-majx_arp.jpg
Ju 52,JU5,Junkers Ju 52/3M,https://en.wikipedia.org/wiki/Junkers_Ju_52,Junkers Ju 52,https://upload.wikimedia.org/wikipedia/commons/thumb/7/72/Ju-Air_Junkers_Ju-52_in_flight_over_Austria.jpg/256px-Ju-Air_Junkers_Ju-52_in_flight_over_Austria.jpg
L101,L10,Lockheed L-1011 Tristar,https://en.wikipedia.org/wiki/Lockheed_L-1011_Tristar,Lockheed L-1011 TriStar,https://upload.wikimedia.org/wikipedia/commons/thumb/2/22/Gulf_Air_Lockheed_L-1011-385-1-15_TriStar_200_Fitzgerald.jpg/256px-Gulf_Air_Lockheed_L-1011-385-1-15_TriStar_200_Fitzgerald.jpg
L188,LOE,Lockheed L-188 Electra,https://en.wikipedia.org/wiki/Lockheed_L-188_Electra,Lockheed L-188 Electra,https://upload.wikimedia.org/wikipedia/commons/thumb/f/f4/PSA_Electra%2C_circa_1960s.jpg/256px-PSA_Electra%2C_circa_1960s.jpg
L410,L4T,LET 410,https://en.wikipedia.org/wiki/LET_410,Let L-410 Turbolet,https://upload.wikimedia.org/wikipedia/commons/thumb/5/59/L410_UVP-E20.jpg/256px-L410_UVP-E20.jpg
LJ35,LRJ,Learjet 35 / 36 / C-21A,https://en.wikipedia.org/wiki/Learjet_35,Learjet 35,https://upload.wikimedia.org/wikipedia/commons/thumb/5/5b/Learjet_35_%288738280921%29.jpg/256px-Learjet_35_%288738280921%29.jpg
LJ60,LRJ,Learjet 60,https://en.wikipedia.org/wiki/Learjet_60,Learjet 60,https://upload.wikimedia.org/wikipedia/commons/thumb/2/2f/Balticjet_Aircompany.jpg/256px-Balticjet_Aircompany.jpg
MD11,M11,McDonnell Douglas MD-11,https://en.wikipedia.org/wiki/McDonnell_Douglas_MD-11,McDonnell Douglas MD-11,https://upload.wikimedia.org/wikipedia/commons/thumb/3/36/KLM_McDonnell_Douglas_MD-11_PH-KCK_Ingrid_Bergman.jpg/256px-KLM_McDonnell_Douglas_MD-11_PH-KCK_Ingrid_Bergman.jpg
MD81,M81,McDonnell Douglas MD-81,https://en.wikipedia.org/wiki/McDonnell_Douglas_MD-81,McDonnell Douglas MD-80,https://upload.wikimedia.org/wikipedia/commons/thumb/1/15/Iberia.md-88.ec-foz.arp.jpg/256px-Iberia.md-88.ec-foz.arp.jpg
MD82,M82,McDonnell Douglas MD-82,https://en.wikipedia.org/wiki/McDonnell_Douglas_MD-82,McDonnell Douglas MD-80,https://upload.wikimedia.org/wikipedia/commons/thumb/1/15/Iberia.md-88.ec-foz.arp.jpg/256px-Iberia.md-88.ec-foz.arp.jpg
MD83,M83,McDonnell Douglas MD-83,https://en.wikipedia.org/wiki/McDonnell_Douglas_MD-83,McDonnell Douglas MD-80,https://upload.wikimedia.org/wikipedia/commons/thumb/1/15/Iberia.md-88.ec-foz.arp.jpg/256px-Iberia.md-88.ec-foz.arp.jpg
MD87,M87,McDonnell Douglas MD-87,https://en.wikipedia.org/wiki/McDonnell_Douglas_MD-87,McDonnell Douglas MD-80,https://upload.wikimedia.org/wikipedia/commons/thumb/1/15/Iberia.md-88.ec-foz.arp.jpg/256px-Iberia.md-88.ec-foz.arp.jpg
MD88,M88,McDonnell Douglas MD-88,https://en.wikipedia.org/wiki/McDonnell_Douglas_MD-88,McDonnell Douglas MD-80,
MD90,M90,McDonnell Douglas MD-90,https://en.wikipedia.org/wiki/McDonnell_Douglas_MD-90,McDonnell Douglas MD-90,https://upload.wikimedia.org/wikipedia/commons/thumb/6/6d/McDonnell_Douglas_MD-90-30%2C_Japan_Airlines_-_JAL_AN2020984.jpg/256px-McDonnell_Douglas_MD-90-30%2C_Japan_Airlines_-_JAL_AN2020984.jpg
MI8,MIH,MIL Mi-8,https://en.wikipedia.org/wiki/Mil_Mi-8,Mil Mi-8,https://upload.wikimedia.org/wikipedia/commons/thumb/9/90/Baltic_Airlines_Mil_Mi-8_Aladyshkin.jpg/256px-Baltic_Airlines_Mil_Mi-8_Aladyshkin.jpg
MI24,N/A,Mil Mi-24 / Mi-25 / Mi-35,https://en.wikipedia.org/wiki/Mil_Mi-24,Mil Mi-24,https://upload.wikimedia.org/wikipedia/commons/thumb/6/6d/Mi24CP_%28modified%29.jpg/256px-Mi24CP_%28modified%29.jpg
MU2,MU2,Mitsubishi Mu-2,https://en.wikipedia.org/wiki/Mitsubishi_Mu-2,Mitsubishi MU-2,https://upload.wikimedia.org/wikipedia/commons/thumb/5/5a/Mitsubishi_MU-2B_AN1706942.jpg/256px-Mitsubishi_MU-2B_AN1706942.jpg
N262,ND2,Aerospatiale (Nord) 262,https://en.wikipedia.org/wiki/A%C3%A9rospatiale_N_262,Aérospatiale N 262,https://upload.wikimedia.org/wikipedia/commons/thumb/d/dd/Nord262-55.jpg/256px-Nord262-55.jpg
NOMA,CD2,Government Aircraft Factories N22B / N24A Nomad,https://en.wikipedia.org/wiki/GAF_Nomad,GAF Nomad,https://upload.wikimedia.org/wikipedia/commons/thumb/7/72/IMDEX_2007_Maritime_patrol_%28cropped%29.jpg/256px-IMDEX_2007_Maritime_patrol_%28cropped%29.jpg
P06T,N/A,Tecnam P2006T,https://en.wikipedia.org/wiki/Tecnam_P2006T,Tecnam P2006T,https://upload.wikimedia.org/wikipedia/commons/thumb/1/13/Tecnam_P2006T_1.jpg/256px-Tecnam_P2006T_1.jpg
P28A,N/A,Piper PA-28,https://en.wikipedia.org/wiki/Piper_PA-28,Piper PA-28 Cherokee,https://upload.wikimedia.org/wikipedia/commons/thumb/f/f9/PiperPA-28-236DakotaC-GGFSPhoto4.JPG/256px-PiperPA-28-236DakotaC-GGFSPhoto4.JPG
P28B,N/A,Piper PA-28,https://en.wikipedia.org/wiki/Piper_PA-28,Piper PA-28 Cherokee,https://upload.wikimedia.org/wikipedia/commons/thumb/f/f9/PiperPA-28-236DakotaC-GGFSPhoto4.JPG/256px-PiperPA-28-236DakotaC-GGFSPhoto4.JPG
P68,PN6,Partenavia P.68,https://en.wikipedia.org/wiki/Partenavia_P.68,Partenavia P.68,https://upload.wikimedia.org/wikipedia/commons/thumb/0/0b/Partenavia_AP.68TP-600_Viator_DRW_Butler-1.jpg/256px-Partenavia_AP.68TP-600_Viator_DRW_Butler-1.jpg
PA31,PA2,Piper PA-31 Navajo,https://en.wikipedia.org/wiki/Piper_PA-31_Navajo,Piper PA-31 Navajo,https://upload.wikimedia.org/wikipedia/commons/thumb/a/af/Piper_PA-31_Navajo_St_Catharines_1.jpg/256px-Piper_PA-31_Navajo_St_Catharines_1.jpg
PA44,N/A,Piper PA-44 Seminole,https://en.wikipedia.org/wiki/Piper_PA-44_Seminole,Piper PA-44 Seminole,https://upload.wikimedia.org/wikipedia/commons/thumb/b/b4/Piper-pa-44.jpg/256px-Piper-pa-44.jpg
PA46,PAG,Piper PA-46,https://en.wikipedia.org/wiki/Piper_PA-46,Piper PA-46,https://upload.wikimedia.org/wikipedia/commons/thumb/b/b0/Piper_PA-46-500TP_Malibu_Meridian_AN1805813.jpg/256px-Piper_PA-46-500TP_Malibu_Meridian_AN1805813.jpg
PC12,PL2,Pilatus PC-12,https://en.wikipedia.org/wiki/Pilatus_PC-12,Pilatus PC-12,https://upload.wikimedia.org/wikipedia/commons/thumb/8/89/Pilatus_PC-12-45%2C_Royal_Flying_Doctor_Service_AN0636290.jpg/256px-Pilatus_PC-12-45%2C_Royal_Flying_Doctor_Service_AN0636290.jpg
PC6T,PL6,Pilatus PC-6 Turbo Porter,https://en.wikipedia.org/wiki/Pilatus_PC-6_Turbo_Porter,Pilatus PC-6 Porter,https://upload.wikimedia.org/wikipedia/commons/thumb/a/a1/Pilatus_PC-6_SkydiveLillo_JD18032008_%28cropped%29.jpg/256px-Pilatus_PC-6_SkydiveLillo_JD18032008_%28cropped%29.jpg
PISI,N/A,Pipistrel Sinus,https://en.wikipedia.org/wiki/Pipistrel_Sinus,Pipistrel Sinus,https://upload.wikimedia.org/wikipedia/commons/thumb/a/ac/Pipistrel_Sinus_at_Festival_A%C3%A9reo_de_Vigo_2010_%284806892945%29.jpg/256px-Pipistrel_Sinus_at_Festival_A%C3%A9reo_de_Vigo_2010_%284806892945%29.jpg
PITA,N/A,Pipistrel Taurus,https://en.wikipedia.org/wiki/Pipistrel_Taurus,Pipistrel Taurus,https://upload.wikimedia.org/wikipedia/commons/thumb/f/f2/Pipistrel_Taurus_I-8599.jpg/256px-Pipistrel_Taurus_I-8599.jpg
PIVI,N/A |N/A,Pipistrel Virus,https://en.wikipedia.org/wiki/Pipistrel_Virus,Pipistrel Virus,https://upload.wikimedia.org/wikipedia/commons/thumb/8/86/Pipistrel_Virus_at_EDKR_Bergfliegen_2012_1892_%28cropped%29.jpg/256px-Pipistrel_Virus_at_EDKR_Bergfliegen_2012_1892_%28cropped%29.jpg
RJ1H,AR1,Avro RJ100,https://en.wikipedia.org/wiki/Avro_RJ100,British Aerospace 146,https://upload.wikimedia.org/wikipedia/commons/thumb/8/85/Swiss_British_Aerospace_Avro_146-RJ100_HB-IXS_MUC_2015_01_crop.jpg/256px-Swiss_British_Aerospace_Avro_146-RJ100_HB-IXS_MUC_2015_01_crop.jpg
R200,,"Robin HR200/R2000 series, Alpha160A",https://en.wikipedia.org/wiki/Alpha_160A,Alpha 2000,https://upload.wikimedia.org/wikipedia/commons/thumb/5/59/ZK-CTR_IMG_2916-Edit.jpg/256px-ZK-CTR_IMG_2916-Edit.jpg
RJ70,AR7,Avro RJ70,https://en.wikipedia.org/wiki/Avro_RJ70,British Aerospace 146,https://upload.wikimedia.org/wikipedia/commons/thumb/8/85/Swiss_British_Aerospace_Avro_146-RJ100_HB-IXS_MUC_2015_01_crop.jpg/256px-Swiss_British_Aerospace_Avro_146-RJ100_HB-IXS_MUC_2015_01_crop.jpg
RJ85,AR8,Avro RJ85,https://en.wikipedia.org/wiki/Avro_RJ85,British Aerospace 146,https://upload.wikimedia.org/wikipedia/commons/thumb/8/85/Swiss_British_Aerospace_Avro_146-RJ100_HB-IXS_MUC_2015_01_crop.jpg/256px-Swiss_British_Aerospace_Avro_146-RJ100_HB-IXS_MUC_2015_01_crop.jpg
S210,CRV,Aerospatiale (Sud Aviation) Se.210 Caravelle,https://en.wikipedia.org/wiki/Sud_Aviation_Caravelle,Sud Aviation Caravelle,https://upload.wikimedia.org/wikipedia/commons/thumb/8/8b/Sud_SE-210_Caravelle_III%2C_F-BHRS%2C_Air_France_Manteufel-1.jpg/256px-Sud_SE-210_Caravelle_III%2C_F-BHRS%2C_Air_France_Manteufel-1.jpg
S58T,S58," Sikorsky S-58T",https://en.wikipedia.org/wiki/Sikorsky_S-58,Sikorsky H-34,https://upload.wikimedia.org/wikipedia/commons/thumb/1/18/Sikorsky_S-58_landing_%28cropped%29.jpg/256px-Sikorsky_S-58_landing_%28cropped%29.jpg
S601,NDC,Aerospatiale SN.601 Corvette,https://en.wikipedia.org/wiki/A%C3%A9rospatiale_Corvette,Aérospatiale Corvette,https://upload.wikimedia.org/wikipedia/commons/thumb/e/e6/Aerospatiale_Corvette_SN601.jpg/256px-Aerospatiale_Corvette_SN601.jpg
S61,S61,Sikorsky S-61,https://en.wikipedia.org/wiki/Sikorsky_S-61,Sikorsky S-61,https://upload.wikimedia.org/wikipedia/commons/thumb/2/2e/Sikorsky_S-61N_Mk.II.jpg/256px-Sikorsky_S-61N_Mk.II.jpg
S65C,NDH,Eurocopter (Aerospatiale) SA365C / SA365N Dauphin 2,https://en.wikipedia.org/wiki/Eurocopter_Dauphin,Eurocopter AS365 Dauphin,https://upload.wikimedia.org/wikipedia/commons/thumb/f/f6/ZJ780_8490634574_%28cropped%29.jpg/256px-ZJ780_8490634574_%28cropped%29.jpg
S76,S76,Sikorsky S-76,https://en.wikipedia.org/wiki/Sikorsky_S-76,Sikorsky S-76,https://upload.wikimedia.org/wikipedia/commons/thumb/7/74/Pesca_1_%283737941060%29.jpg/256px-Pesca_1_%283737941060%29.jpg
S92,S92,Sikorsky S-92,https://en.wikipedia.org/wiki/Sikorsky_S-92,Sikorsky S-92,https://upload.wikimedia.org/wikipedia/commons/thumb/e/e1/S92_G-IACF_IMG_7005_%28cropped%29.jpg/256px-S92_G-IACF_IMG_7005_%28cropped%29.jpg
SB20,S20,Saab 2000,https://en.wikipedia.org/wiki/Saab_2000,Saab 2000,https://upload.wikimedia.org/wikipedia/commons/thumb/8/86/Etihad_Saab_2000_take_off.jpg/256px-Etihad_Saab_2000_take_off.jpg
SC7,SHS," Shorts SC-7 Skyvan",https://en.wikipedia.org/wiki/Shorts_SC-7,Short SC.7 Skyvan,https://upload.wikimedia.org/wikipedia/commons/thumb/5/57/Short_Skyvan_SC.7_%28G-BEOL%29_arrives_at_RIAT_Fairford_12July2018_arp.jpg/256px-Short_Skyvan_SC.7_%28G-BEOL%29_arrives_at_RIAT_Fairford_12July2018_arp.jpg
SF34,SF3," Saab SF340A/B",https://en.wikipedia.org/wiki/Saab_SF340,Saab 340,https://upload.wikimedia.org/wikipedia/commons/thumb/d/d7/Estonian_Air_Saab_340A_ES-ASN.jpg/256px-Estonian_Air_Saab_340A_ES-ASN.jpg
SH33,SH3,Shorts SD.330,https://en.wikipedia.org/wiki/Short_330,Short 330,https://upload.wikimedia.org/wikipedia/commons/thumb/1/11/MVA_Shorts_330_at_Minneapolis_-_9_Sept_1983.jpg/256px-MVA_Shorts_330_at_Minneapolis_-_9_Sept_1983.jpg
SH36,SH6,Shorts SD.360,https://en.wikipedia.org/wiki/Short_360,Short 360,https://upload.wikimedia.org/wikipedia/commons/thumb/5/5e/Shorts360airsey.jpg/256px-Shorts360airsey.jpg
SU95,SU9,Sukhoi Superjet 100-95,https://en.wikipedia.org/wiki/Sukhoi_Superjet_100-95,Sukhoi Superjet 100,https://upload.wikimedia.org/wikipedia/commons/thumb/e/ec/Air-to-air_photo_of_a_Sukhoi_Superjet_100_%28RA-97004%29_over_Italy.jpg/256px-Air-to-air_photo_of_a_Sukhoi_Superjet_100_%28RA-97004%29_over_Italy.jpg
TRF1,N/A,Team Rocket F1,https://en.wikipedia.org/wiki/Team_Rocket_F1,Team Rocket F1 Rocket,https://upload.wikimedia.org/wikipedia/commons/thumb/0/07/Team_Rocket_F-1_%28N39EJ_%28c.n_39%29%29.jpg/256px-Team_Rocket_F-1_%28N39EJ_%28c.n_39%29%29.jpg
T134,TU3,Tupolev Tu-134,https://en.wikipedia.org/wiki/Tupolev_Tu-134,Tupolev Tu-134,https://upload.wikimedia.org/wikipedia/commons/thumb/e/e9/MAGAS_Kosmos_Tupolev_Tu-134_Misko.jpg/256px-MAGAS_Kosmos_Tupolev_Tu-134_Misko.jpg
T144,,Tupolev Tu-144,https://en.wikipedia.org/wiki/Tupolev_Tu-144,Tupolev Tu-144,https://upload.wikimedia.org/wikipedia/commons/thumb/8/88/RIAN_archive_566221_Tu-144_passenger_airliner.jpg/256px-RIAN_archive_566221_Tu-144_passenger_airliner.jpg
T154,TU5,Tupolev Tu-154,https://en.wikipedia.org/wiki/Tupolev_Tu-154,Tupolev Tu-154,https://upload.wikimedia.org/wikipedia/commons/thumb/4/42/Aeroflot_Tupolev_Tu-154M_RA-85643_Mishin-1.jpg/256px-Aeroflot_Tupolev_Tu-154M_RA-85643_Mishin-1.jpg
T204,T20," Tupolev Tu-204 / Tu-214",https://en.wikipedia.org/wiki/Tupolev_Tu-204,Tupolev Tu-204,https://upload.wikimedia.org/wikipedia/commons/thumb/9/9b/Russian_Air_Force_Tu-214ON_RA-64519_UUBW_2011-8-12.png/256px-Russian_Air_Force_Tu-214ON_RA-64519_UUBW_2011-8-12.png
TB20,N/A,Socata TB-20 Trinidad,https://en.wikipedia.org/wiki/Socata_TB-20_Trinidad,SOCATA TB family,https://upload.wikimedia.org/wikipedia/commons/thumb/7/7a/Socata_TB-200_Tobago_XL.jpg/256px-Socata_TB-200_Tobago_XL.jpg
TL20,N/A,TL Ultralight TL-96 Star / TL-2000 Sting,https://en.wikipedia.org/wiki/TL_Ultralight_TL-96_Star,TL Ultralight TL-96 Star,https://upload.wikimedia.org/wikipedia/commons/thumb/f/f1/TL-96_STAR.jpg/256px-TL-96_STAR.jpg
TRIS,BNT,Pilatus Britten-Norman BN-2A Mk III Trislander,https://en.wikipedia.org/wiki/Britten-Norman_Trislander,Britten-Norman Trislander,https://upload.wikimedia.org/wikipedia/commons/thumb/5/5a/G-JOEY.jpg/256px-G-JOEY.jpg
WW24,WWP,Israel Aircraft Industries 1124 Westwind,https://en.wikipedia.org/wiki/IAI_Westwind,IAI Westwind,https://upload.wikimedia.org/wikipedia/commons/thumb/8/86/Air_Sweden_IAI_1124.jpg/256px-Air_Sweden_IAI_1124.jpg
Y12,YN2,Harbin Yunshuji Y12,https://en.wikipedia.org/wiki/Harbin_Y-12,Harbin Y-12,https://upload.wikimedia.org/wikipedia/commons/thumb/9/92/Iran_-_Revolutionary_Guard_Air_Force_Harbin_Y12-II.jpg/256px-Iran_-_Revolutionary_Guard_Air_Force_Harbin_Y12-II.jpg
YK40,YK4,Yakovlev Yak-40,https://en.wikipedia.org/wiki/Yakovlev_Yak-40,Yakovlev Yak-40,https://upload.wikimedia.org/wikipedia/commons/thumb/9/97/Volga-Dnepr_-_Yakovlev_Yak-40.jpg/256px-Volga-Dnepr_-_Yakovlev_Yak-40.jpg
YK42,YK2,Yakovlev Yak-42,https://en.wikipedia.org/wiki/Yakovlev_Yak-42,Yakovlev Yak-42,https://upload.wikimedia.org/wikipedia/commons/thumb/e/e4/Centre-Avia_Yakovlev_Yak-42_42385_Misko.jpg/256px-Centre-Avia_Yakovlev_Yak-42_42385_Misko.jpg
YS11,YS1,NAMC YS-11,https://en.wikipedia.org/wiki/NAMC_YS-11,NAMC YS-11,https://upload.wikimedia.org/wikipedia/commons/thumb/c/cf/%27Japan_Navy_Schedule_21%27_Atsugi_route_4_departure._%288382459963%29.jpg/256px-%27Japan_Navy_Schedule_21%27_Atsugi_route_4_departure._%288382459963%29.jpg
